candidate_index,image_name,relative_image_path,relative_label_path,label_exists,vehicle_count,final_included
1,b1c66a42-6f7d68ca.jpg,images/val/b1c66a42-6f7d68ca.jpg,labels/val/b1c66a42-6f7d68ca.txt,true,20,true
3,b1d7b3ac-5744370e.jpg,images/val/b1d7b3ac-5744370e.jpg,labels/val/b1d7b3ac-5744370e.txt,true,3,true
8,b1f4491b-09593e90.jpg,images/val/b1f4491b-09593e90.jpg,labels/val/b1f4491b-09593e90.txt,true,4,true
9,b1f4491b-bf7d513f.jpg,images/val/b1f4491b-bf7d513f.jpg,labels/val/b1f4491b-bf7d513f.txt,true,6,true
11,b1f85377-44885085.jpg,images/val/b1f85377-44885085.jpg,labels/val/b1f85377-44885085.txt,true,8,true
12,b2b32394-e46669cb.jpg,images/val/b2b32394-e46669cb.jpg,labels/val/b2b32394-e46669cb.txt,true,13,true
15,b3aacff1-967c15c1.jpg,images/val/b3aacff1-967c15c1.jpg,labels/val/b3aacff1-967c15c1.txt,true,17,true
17,b3b64b42-403091d9.jpg,images/val/b3b64b42-403091d9.jpg,labels/val/b3b64b42-403091d9.txt,true,11,true
18,b3c939e3-61fb6427.jpg,images/val/b3c939e3-61fb6427.jpg,labels/val/b3c939e3-61fb6427.txt,true,9,true
20,b3e0345b-20d013f8.jpg,images/val/b3e0345b-20d013f8.jpg,labels/val/b3e0345b-20d013f8.txt,true,11,true
22,b3eafc22-1064ce9e.jpg,images/val/b3eafc22-1064ce9e.jpg,labels/val/b3eafc22-1064ce9e.txt,true,10,true
23,b3f0cdab-d5954c9a.jpg,images/val/b3f0cdab-d5954c9a.jpg,labels/val/b3f0cdab-d5954c9a.txt,true,14,true
24,b4aa2f44-023fb7df.jpg,images/val/b4aa2f44-023fb7df.jpg,labels/val/b4aa2f44-023fb7df.txt,true,8,true
27,b4b581ea-93722c60.jpg,images/val/b4b581ea-93722c60.jpg,labels/val/b4b581ea-93722c60.txt,true,2,true
29,b4d18d1a-193e24a1.jpg,images/val/b4d18d1a-193e24a1.jpg,labels/val/b4d18d1a-193e24a1.txt,true,12,true
32,b4ec8b36-e81e510a.jpg,images/val/b4ec8b36-e81e510a.jpg,labels/val/b4ec8b36-e81e510a.txt,true,11,true
33,b4ecb933-08326feb.jpg,images/val/b4ecb933-08326feb.jpg,labels/val/b4ecb933-08326feb.txt,true,18,true
34,b4f1500e-901fb4e6.jpg,images/val/b4f1500e-901fb4e6.jpg,labels/val/b4f1500e-901fb4e6.txt,true,23,true
35,b5ac257d-5a34b3fa.jpg,images/val/b5ac257d-5a34b3fa.jpg,labels/val/b5ac257d-5a34b3fa.txt,true,12,true
36,b5b256fd-0c2be0a6.jpg,images/val/b5b256fd-0c2be0a6.jpg,labels/val/b5b256fd-0c2be0a6.txt,true,2,true
39,b5d9531f-48222cf3.jpg,images/val/b5d9531f-48222cf3.jpg,labels/val/b5d9531f-48222cf3.txt,true,8,true
41,b5f057ab-791ac474.jpg,images/val/b5f057ab-791ac474.jpg,labels/val/b5f057ab-791ac474.txt,true,21,true
42,b5fa32f1-4e9c7d32.jpg,images/val/b5fa32f1-4e9c7d32.jpg,labels/val/b5fa32f1-4e9c7d32.txt,true,16,true
43,b5fc1373-94aaab40.jpg,images/val/b5fc1373-94aaab40.jpg,labels/val/b5fc1373-94aaab40.txt,true,15,true
45,b6b6fd86-ab4d10f6.jpg,images/val/b6b6fd86-ab4d10f6.jpg,labels/val/b6b6fd86-ab4d10f6.txt,true,10,true
47,b6cad0b4-56d2e2d9.jpg,images/val/b6cad0b4-56d2e2d9.jpg,labels/val/b6cad0b4-56d2e2d9.txt,true,3,true
48,b6d0b46a-ec482777.jpg,images/val/b6d0b46a-ec482777.jpg,labels/val/b6d0b46a-ec482777.txt,true,19,true
49,b6d6e4f6-cc416656.jpg,images/val/b6d6e4f6-cc416656.jpg,labels/val/b6d6e4f6-cc416656.txt,true,19,true
50,b6f40904-693d5d3d.jpg,images/val/b6f40904-693d5d3d.jpg,labels/val/b6f40904-693d5d3d.txt,true,16,true
51,b7a8e795-0ff55db2.jpg,images/val/b7a8e795-0ff55db2.jpg,labels/val/b7a8e795-0ff55db2.txt,true,8,true
52,b7a8e795-056b3c79.jpg,images/val/b7a8e795-056b3c79.jpg,labels/val/b7a8e795-056b3c79.txt,true,18,true
53,b7a9b166-341c551a.jpg,images/val/b7a9b166-341c551a.jpg,labels/val/b7a9b166-341c551a.txt,true,8,true
54,b7abfbea-3067ba7b.jpg,images/val/b7abfbea-3067ba7b.jpg,labels/val/b7abfbea-3067ba7b.txt,true,16,true
55,b7ad967b-5ffacb53.jpg,images/val/b7ad967b-5ffacb53.jpg,labels/val/b7ad967b-5ffacb53.txt,true,3,true
57,b7b7c088-2fda29df.jpg,images/val/b7b7c088-2fda29df.jpg,labels/val/b7b7c088-2fda29df.txt,true,3,true
59,b7b1242b-3c255af6.jpg,images/val/b7b1242b-3c255af6.jpg,labels/val/b7b1242b-3c255af6.txt,true,3,true
60,b7ba9ad7-f89df072.jpg,images/val/b7ba9ad7-f89df072.jpg,labels/val/b7ba9ad7-f89df072.txt,true,8,true
61,b7bb0d6e-87e194fd.jpg,images/val/b7bb0d6e-87e194fd.jpg,labels/val/b7bb0d6e-87e194fd.txt,true,5,true
63,b7bb0d6e-1922b34d.jpg,images/val/b7bb0d6e-1922b34d.jpg,labels/val/b7bb0d6e-1922b34d.txt,true,7,true
64,b7bb0d6e-b018e560.jpg,images/val/b7bb0d6e-b018e560.jpg,labels/val/b7bb0d6e-b018e560.txt,true,4,true
65,b7d7713a-a58eef67.jpg,images/val/b7d7713a-a58eef67.jpg,labels/val/b7d7713a-a58eef67.txt,true,4,true
66,b7db31d1-188d4a34.jpg,images/val/b7db31d1-188d4a34.jpg,labels/val/b7db31d1-188d4a34.txt,true,21,true
67,b7db31d1-fa13a84a.jpg,images/val/b7db31d1-fa13a84a.jpg,labels/val/b7db31d1-fa13a84a.txt,true,18,true
68,b7e347d4-8ab9f4b5.jpg,images/val/b7e347d4-8ab9f4b5.jpg,labels/val/b7e347d4-8ab9f4b5.txt,true,12,true
69,b7eb7b11-2ba05f4f.jpg,images/val/b7eb7b11-2ba05f4f.jpg,labels/val/b7eb7b11-2ba05f4f.txt,true,31,true
70,b7edcfdc-f018989f.jpg,images/val/b7edcfdc-f018989f.jpg,labels/val/b7edcfdc-f018989f.txt,true,5,true
72,b7f452e4-1e8b6f3a.jpg,images/val/b7f452e4-1e8b6f3a.jpg,labels/val/b7f452e4-1e8b6f3a.txt,true,5,true
73,b7fd3f86-ba8bf79c.jpg,images/val/b7fd3f86-ba8bf79c.jpg,labels/val/b7fd3f86-ba8bf79c.txt,true,14,true
77,b8cca913-a59e1a1b.jpg,images/val/b8cca913-a59e1a1b.jpg,labels/val/b8cca913-a59e1a1b.txt,true,3,true
78,b8cd6a1b-8abed2d8.jpg,images/val/b8cd6a1b-8abed2d8.jpg,labels/val/b8cd6a1b-8abed2d8.txt,true,5,true
79,b8da2353-61f13dfb.jpg,images/val/b8da2353-61f13dfb.jpg,labels/val/b8da2353-61f13dfb.txt,true,5,true
80,b8e06f7a-f11a9604.jpg,images/val/b8e06f7a-f11a9604.jpg,labels/val/b8e06f7a-f11a9604.txt,true,9,true
81,b8ef1613-c936238e.jpg,images/val/b8ef1613-c936238e.jpg,labels/val/b8ef1613-c936238e.txt,true,13,true
82,b8f65e48-10600b5e.jpg,images/val/b8f65e48-10600b5e.jpg,labels/val/b8f65e48-10600b5e.txt,true,15,true
83,b9d24e81-a9679e2a.jpg,images/val/b9d24e81-a9679e2a.jpg,labels/val/b9d24e81-a9679e2a.txt,true,15,true
84,b9e4cb3d-98ed4484.jpg,images/val/b9e4cb3d-98ed4484.jpg,labels/val/b9e4cb3d-98ed4484.txt,true,7,true
85,b9e91422-2d610458.jpg,images/val/b9e91422-2d610458.jpg,labels/val/b9e91422-2d610458.txt,true,3,true
86,b9fc97df-397f8a5d.jpg,images/val/b9fc97df-397f8a5d.jpg,labels/val/b9fc97df-397f8a5d.txt,true,23,true
87,b20d494a-cdebe83e.jpg,images/val/b20d494a-cdebe83e.jpg,labels/val/b20d494a-cdebe83e.txt,true,4,true
93,b30af183-e9209104.jpg,images/val/b30af183-e9209104.jpg,labels/val/b30af183-e9209104.txt,true,13,true
94,b35dac08-396cde53.jpg,images/val/b35dac08-396cde53.jpg,labels/val/b35dac08-396cde53.txt,true,10,true
95,b35f4a74-bd3dd74f.jpg,images/val/b35f4a74-bd3dd74f.jpg,labels/val/b35f4a74-bd3dd74f.txt,true,7,true
97,b36de7af-ca137216.jpg,images/val/b36de7af-ca137216.jpg,labels/val/b36de7af-ca137216.txt,true,17,true
98,b37cacf7-0d3ce003.jpg,images/val/b37cacf7-0d3ce003.jpg,labels/val/b37cacf7-0d3ce003.txt,true,13,true
99,b38b2b6a-77f9d5e5.jpg,images/val/b38b2b6a-77f9d5e5.jpg,labels/val/b38b2b6a-77f9d5e5.txt,true,11,true
100,b38fb69e-5f5f73ae.jpg,images/val/b38fb69e-5f5f73ae.jpg,labels/val/b38fb69e-5f5f73ae.txt,true,4,true
103,b42df626-bee4420b.jpg,images/val/b42df626-bee4420b.jpg,labels/val/b42df626-bee4420b.txt,true,4,true
104,b42df626-e358ca4a.jpg,images/val/b42df626-e358ca4a.jpg,labels/val/b42df626-e358ca4a.txt,true,6,true
106,b44bcbbe-e980e271.jpg,images/val/b44bcbbe-e980e271.jpg,labels/val/b44bcbbe-e980e271.txt,true,13,true
107,b48fc70b-2ca6ed01.jpg,images/val/b48fc70b-2ca6ed01.jpg,labels/val/b48fc70b-2ca6ed01.txt,true,6,true
108,b49a272b-c52895c3.jpg,images/val/b49a272b-c52895c3.jpg,labels/val/b49a272b-c52895c3.txt,true,4,true
109,b50e6154-4aace8a1.jpg,images/val/b50e6154-4aace8a1.jpg,labels/val/b50e6154-4aace8a1.txt,true,10,true
110,b52e49e5-d1e36124.jpg,images/val/b52e49e5-d1e36124.jpg,labels/val/b52e49e5-d1e36124.txt,true,22,true
111,b56c225e-a7a78ad7.jpg,images/val/b56c225e-a7a78ad7.jpg,labels/val/b56c225e-a7a78ad7.txt,true,17,true
112,b56c225e-a71598cd.jpg,images/val/b56c225e-a71598cd.jpg,labels/val/b56c225e-a71598cd.txt,true,6,true
115,b57a2edf-402297bc.jpg,images/val/b57a2edf-402297bc.jpg,labels/val/b57a2edf-402297bc.txt,true,13,true
117,b60db8b3-7cb88369.jpg,images/val/b60db8b3-7cb88369.jpg,labels/val/b60db8b3-7cb88369.txt,true,13,true
122,b72b3974-552bb7d7.jpg,images/val/b72b3974-552bb7d7.jpg,labels/val/b72b3974-552bb7d7.txt,true,20,true
123,b74f9c57-90451f20.jpg,images/val/b74f9c57-90451f20.jpg,labels/val/b74f9c57-90451f20.txt,true,20,true
124,b79c1f8d-87a1881a.jpg,images/val/b79c1f8d-87a1881a.jpg,labels/val/b79c1f8d-87a1881a.txt,true,6,true
125,b79c1f8d-8409e845.jpg,images/val/b79c1f8d-8409e845.jpg,labels/val/b79c1f8d-8409e845.txt,true,10,true
126,b82e22f1-40b5aa11.jpg,images/val/b82e22f1-40b5aa11.jpg,labels/val/b82e22f1-40b5aa11.txt,true,14,true
131,b93e2268-4b277928.jpg,images/val/b93e2268-4b277928.jpg,labels/val/b93e2268-4b277928.txt,true,11,true
133,b93e2268-2106a029.jpg,images/val/b93e2268-2106a029.jpg,labels/val/b93e2268-2106a029.txt,true,4,true
135,b97b9ee8-0dfbbe35.jpg,images/val/b97b9ee8-0dfbbe35.jpg,labels/val/b97b9ee8-0dfbbe35.txt,true,3,true
136,b98eabcc-573dccd2.jpg,images/val/b98eabcc-573dccd2.jpg,labels/val/b98eabcc-573dccd2.txt,true,6,true
137,b232c7c9-d251d9ee.jpg,images/val/b232c7c9-d251d9ee.jpg,labels/val/b232c7c9-d251d9ee.txt,true,22,true
140,b291cfd6-ff98ba56.jpg,images/val/b291cfd6-ff98ba56.jpg,labels/val/b291cfd6-ff98ba56.txt,true,12,true
141,b321c6b6-ab603d42.jpg,images/val/b321c6b6-ab603d42.jpg,labels/val/b321c6b6-ab603d42.txt,true,8,true
142,b325fe35-b59e4e91.jpg,images/val/b325fe35-b59e4e91.jpg,labels/val/b325fe35-b59e4e91.txt,true,14,true
143,b368ee71-cf27b7fa.jpg,images/val/b368ee71-cf27b7fa.jpg,labels/val/b368ee71-cf27b7fa.txt,true,10,true
145,b398e0fb-257cf424.jpg,images/val/b398e0fb-257cf424.jpg,labels/val/b398e0fb-257cf424.txt,true,12,true
146,b483a180-56a9db7c.jpg,images/val/b483a180-56a9db7c.jpg,labels/val/b483a180-56a9db7c.txt,true,17,true
147,b565d4cc-2e6cb390.jpg,images/val/b565d4cc-2e6cb390.jpg,labels/val/b565d4cc-2e6cb390.txt,true,4,true
148,b570f833-3bd87d01.jpg,images/val/b570f833-3bd87d01.jpg,labels/val/b570f833-3bd87d01.txt,true,11,true
149,b724e1f0-cffecdc5.jpg,images/val/b724e1f0-cffecdc5.jpg,labels/val/b724e1f0-cffecdc5.txt,true,10,true
150,b729d050-af382d96.jpg,images/val/b729d050-af382d96.jpg,labels/val/b729d050-af382d96.txt,true,13,true
151,b733b13d-e5dccc44.jpg,images/val/b733b13d-e5dccc44.jpg,labels/val/b733b13d-e5dccc44.txt,true,13,true
152,b736c477-ce5093ac.jpg,images/val/b736c477-ce5093ac.jpg,labels/val/b736c477-ce5093ac.txt,true,6,true
153,b769f2fa-9be9a666.jpg,images/val/b769f2fa-9be9a666.jpg,labels/val/b769f2fa-9be9a666.txt,true,13,true
156,b769f2fa-9473432d.jpg,images/val/b769f2fa-9473432d.jpg,labels/val/b769f2fa-9473432d.txt,true,5,true
157,b769f2fa-ac5f60c7.jpg,images/val/b769f2fa-ac5f60c7.jpg,labels/val/b769f2fa-ac5f60c7.txt,true,8,true
159,b843ef1b-2756a85d.jpg,images/val/b843ef1b-2756a85d.jpg,labels/val/b843ef1b-2756a85d.txt,true,7,true
160,b843ef1b-f173bd21.jpg,images/val/b843ef1b-f173bd21.jpg,labels/val/b843ef1b-f173bd21.txt,true,11,true
161,b875ad93-deec14af.jpg,images/val/b875ad93-deec14af.jpg,labels/val/b875ad93-deec14af.txt,true,12,true
163,b888e048-8018b284.jpg,images/val/b888e048-8018b284.jpg,labels/val/b888e048-8018b284.txt,true,26,true
165,b953efc6-f40d4290.jpg,images/val/b953efc6-f40d4290.jpg,labels/val/b953efc6-f40d4290.txt,true,12,true
167,b999b5f5-38c7b100.jpg,images/val/b999b5f5-38c7b100.jpg,labels/val/b999b5f5-38c7b100.txt,true,19,true
169,b2576c8c-2de20b8a.jpg,images/val/b2576c8c-2de20b8a.jpg,labels/val/b2576c8c-2de20b8a.txt,true,21,true
170,b3479da9-2d5165c5.jpg,images/val/b3479da9-2d5165c5.jpg,labels/val/b3479da9-2d5165c5.txt,true,20,true
171,b3967d1b-0088ba4e.jpg,images/val/b3967d1b-0088ba4e.jpg,labels/val/b3967d1b-0088ba4e.txt,true,7,true
174,b4301c7b-da5261f0.jpg,images/val/b4301c7b-da5261f0.jpg,labels/val/b4301c7b-da5261f0.txt,true,11,true
175,b4543c78-696f5be4.jpg,images/val/b4543c78-696f5be4.jpg,labels/val/b4543c78-696f5be4.txt,true,18,true
176,b4543c78-ee2e75f3.jpg,images/val/b4543c78-ee2e75f3.jpg,labels/val/b4543c78-ee2e75f3.txt,true,13,true
177,b5046f1e-0674657f.jpg,images/val/b5046f1e-0674657f.jpg,labels/val/b5046f1e-0674657f.txt,true,5,true
179,b6230fb4-02138607.jpg,images/val/b6230fb4-02138607.jpg,labels/val/b6230fb4-02138607.txt,true,14,true
180,b6673f98-1e13354a.jpg,images/val/b6673f98-1e13354a.jpg,labels/val/b6673f98-1e13354a.txt,true,12,true
181,b6673f98-d6661115.jpg,images/val/b6673f98-d6661115.jpg,labels/val/b6673f98-d6661115.txt,true,12,true
182,b6876a74-8532d216.jpg,images/val/b6876a74-8532d216.jpg,labels/val/b6876a74-8532d216.txt,true,9,true
183,b7041acc-6de39959.jpg,images/val/b7041acc-6de39959.jpg,labels/val/b7041acc-6de39959.txt,true,10,true
186,b7072ec0-3a3b64a5.jpg,images/val/b7072ec0-3a3b64a5.jpg,labels/val/b7072ec0-3a3b64a5.txt,true,7,true
188,b7559b8d-8c71431d.jpg,images/val/b7559b8d-8c71431d.jpg,labels/val/b7559b8d-8c71431d.txt,true,12,true
189,b7610ba3-9eabe8e3.jpg,images/val/b7610ba3-9eabe8e3.jpg,labels/val/b7610ba3-9eabe8e3.txt,true,7,true
190,b7719f1d-8245d9ce.jpg,images/val/b7719f1d-8245d9ce.jpg,labels/val/b7719f1d-8245d9ce.txt,true,6,true
192,b27688b6-1af27060.jpg,images/val/b27688b6-1af27060.jpg,labels/val/b27688b6-1af27060.txt,true,6,true
197,b57077d8-ae0b13ca.jpg,images/val/b57077d8-ae0b13ca.jpg,labels/val/b57077d8-ae0b13ca.txt,true,19,true
201,b68913f1-029e9d1a.jpg,images/val/b68913f1-029e9d1a.jpg,labels/val/b68913f1-029e9d1a.txt,true,24,true
203,b251064f-4696b75e.jpg,images/val/b251064f-4696b75e.jpg,labels/val/b251064f-4696b75e.txt,true,5,true
205,b322412a-b47af37f.jpg,images/val/b322412a-b47af37f.jpg,labels/val/b322412a-b47af37f.txt,true,4,true
206,b398327e-f873cb8b.jpg,images/val/b398327e-f873cb8b.jpg,labels/val/b398327e-f873cb8b.txt,true,5,true
207,b534864a-d2eb867c.jpg,images/val/b534864a-d2eb867c.jpg,labels/val/b534864a-d2eb867c.txt,true,12,true
208,b539383c-b57307bc.jpg,images/val/b539383c-b57307bc.jpg,labels/val/b539383c-b57307bc.txt,true,15,true
209,b555790d-d715196b.jpg,images/val/b555790d-d715196b.jpg,labels/val/b555790d-d715196b.txt,true,30,true
212,b568371d-a596d2d4.jpg,images/val/b568371d-a596d2d4.jpg,labels/val/b568371d-a596d2d4.txt,true,5,true
213,b780088d-0bf9e946.jpg,images/val/b780088d-0bf9e946.jpg,labels/val/b780088d-0bf9e946.txt,true,23,true
214,b869965a-f5ff417c.jpg,images/val/b869965a-f5ff417c.jpg,labels/val/b869965a-f5ff417c.txt,true,5,true
215,b869965a-fa59f431.jpg,images/val/b869965a-fa59f431.jpg,labels/val/b869965a-fa59f431.txt,true,5,true
216,b924005d-3e1ae14d.jpg,images/val/b924005d-3e1ae14d.jpg,labels/val/b924005d-3e1ae14d.txt,true,5,true
217,b2794401-ba7d3c05.jpg,images/val/b2794401-ba7d3c05.jpg,labels/val/b2794401-ba7d3c05.txt,true,4,true
218,b3159650-1ba75f9b.jpg,images/val/b3159650-1ba75f9b.jpg,labels/val/b3159650-1ba75f9b.txt,true,16,true
221,b4253085-9f907156.jpg,images/val/b4253085-9f907156.jpg,labels/val/b4253085-9f907156.txt,true,8,true
223,b4672385-6ea18d27.jpg,images/val/b4672385-6ea18d27.jpg,labels/val/b4672385-6ea18d27.txt,true,5,true
225,b5191523-f5721cd1.jpg,images/val/b5191523-f5721cd1.jpg,labels/val/b5191523-f5721cd1.txt,true,5,true
227,b5770084-83b143c9.jpg,images/val/b5770084-83b143c9.jpg,labels/val/b5770084-83b143c9.txt,true,13,true
228,b6219281-0695c9fd.jpg,images/val/b6219281-0695c9fd.jpg,labels/val/b6219281-0695c9fd.txt,true,12,true
231,b7226661-1ba4dc1a.jpg,images/val/b7226661-1ba4dc1a.jpg,labels/val/b7226661-1ba4dc1a.txt,true,15,true
234,b7457987-06803d89.jpg,images/val/b7457987-06803d89.jpg,labels/val/b7457987-06803d89.txt,true,2,true
235,b7668116-71da4033.jpg,images/val/b7668116-71da4033.jpg,labels/val/b7668116-71da4033.txt,true,7,true
236,b7984475-0a28901d.jpg,images/val/b7984475-0a28901d.jpg,labels/val/b7984475-0a28901d.txt,true,13,true
237,b8201476-b9dba8dd.jpg,images/val/b8201476-b9dba8dd.jpg,labels/val/b8201476-b9dba8dd.txt,true,23,true
238,ba0b31f2-c45b879b.jpg,images/val/ba0b31f2-c45b879b.jpg,labels/val/ba0b31f2-c45b879b.txt,true,7,true
239,ba0f292a-bb8b14af.jpg,images/val/ba0f292a-bb8b14af.jpg,labels/val/ba0f292a-bb8b14af.txt,true,5,true
240,ba2e8c76-d7ca505e.jpg,images/val/ba2e8c76-d7ca505e.jpg,labels/val/ba2e8c76-d7ca505e.txt,true,10,true
241,ba3ffa1d-05ce6de4.jpg,images/val/ba3ffa1d-05ce6de4.jpg,labels/val/ba3ffa1d-05ce6de4.txt,true,14,true
242,ba4a95e2-388b7299.jpg,images/val/ba4a95e2-388b7299.jpg,labels/val/ba4a95e2-388b7299.txt,true,3,true
243,ba4adf3d-27e3cae5.jpg,images/val/ba4adf3d-27e3cae5.jpg,labels/val/ba4adf3d-27e3cae5.txt,true,9,true
245,ba5c759c-45dd7a4f.jpg,images/val/ba5c759c-45dd7a4f.jpg,labels/val/ba5c759c-45dd7a4f.txt,true,9,true
246,ba5c759c-1913a624.jpg,images/val/ba5c759c-1913a624.jpg,labels/val/ba5c759c-1913a624.txt,true,3,true
248,ba54b6fd-896b735c.jpg,images/val/ba54b6fd-896b735c.jpg,labels/val/ba54b6fd-896b735c.txt,true,10,true
249,ba79d911-8254c418.jpg,images/val/ba79d911-8254c418.jpg,labels/val/ba79d911-8254c418.txt,true,8,true
250,ba336fcb-24158015.jpg,images/val/ba336fcb-24158015.jpg,labels/val/ba336fcb-24158015.txt,true,8,true
251,ba336fcb-f0afaac6.jpg,images/val/ba336fcb-f0afaac6.jpg,labels/val/ba336fcb-f0afaac6.txt,true,6,true
252,ba362b8d-2855bf4e.jpg,images/val/ba362b8d-2855bf4e.jpg,labels/val/ba362b8d-2855bf4e.txt,true,15,true
256,ba08174b-15c134f7.jpg,images/val/ba08174b-15c134f7.jpg,labels/val/ba08174b-15c134f7.txt,true,4,true
257,baa0cbfb-46b96329.jpg,images/val/baa0cbfb-46b96329.jpg,labels/val/baa0cbfb-46b96329.txt,true,5,true
260,bac52b21-f294dffd.jpg,images/val/bac52b21-f294dffd.jpg,labels/val/bac52b21-f294dffd.txt,true,7,true
263,bae322f4-c995abe0.jpg,images/val/bae322f4-c995abe0.jpg,labels/val/bae322f4-c995abe0.txt,true,18,true
266,baeb1657-6169cccd.jpg,images/val/baeb1657-6169cccd.jpg,labels/val/baeb1657-6169cccd.txt,true,9,true
268,baf29436-f6375fa4.jpg,images/val/baf29436-f6375fa4.jpg,labels/val/baf29436-f6375fa4.txt,true,14,true
269,bb1b7e42-48b281a3.jpg,images/val/bb1b7e42-48b281a3.jpg,labels/val/bb1b7e42-48b281a3.txt,true,16,true
270,bb1b7e42-67806924.jpg,images/val/bb1b7e42-67806924.jpg,labels/val/bb1b7e42-67806924.txt,true,21,true
271,bb2c8f70-d58d2ef6.jpg,images/val/bb2c8f70-d58d2ef6.jpg,labels/val/bb2c8f70-d58d2ef6.txt,true,18,true
273,bb8d2c06-e1a6a306.jpg,images/val/bb8d2c06-e1a6a306.jpg,labels/val/bb8d2c06-e1a6a306.txt,true,5,true
274,bb8dba97-1be28493.jpg,images/val/bb8dba97-1be28493.jpg,labels/val/bb8dba97-1be28493.txt,true,15,true
275,bb8dba97-50af5a1e.jpg,images/val/bb8dba97-50af5a1e.jpg,labels/val/bb8dba97-50af5a1e.txt,true,12,true
276,bb8dba97-3537805c.jpg,images/val/bb8dba97-3537805c.jpg,labels/val/bb8dba97-3537805c.txt,true,12,true
277,bb8dba97-c7ec77a3.jpg,images/val/bb8dba97-c7ec77a3.jpg,labels/val/bb8dba97-c7ec77a3.txt,true,10,true
280,bb78fe06-3994d745.jpg,images/val/bb78fe06-3994d745.jpg,labels/val/bb78fe06-3994d745.txt,true,13,true
281,bb80de49-c7d12d6a.jpg,images/val/bb80de49-c7d12d6a.jpg,labels/val/bb80de49-c7d12d6a.txt,true,3,true
282,bb370e7e-4c296bfb.jpg,images/val/bb370e7e-4c296bfb.jpg,labels/val/bb370e7e-4c296bfb.txt,true,21,true
283,bb391d59-6b05b7a0.jpg,images/val/bb391d59-6b05b7a0.jpg,labels/val/bb391d59-6b05b7a0.txt,true,3,true
289,bbaf1cf2-5c7315e0.jpg,images/val/bbaf1cf2-5c7315e0.jpg,labels/val/bbaf1cf2-5c7315e0.txt,true,18,true
290,bbaf54a0-217653b8.jpg,images/val/bbaf54a0-217653b8.jpg,labels/val/bbaf54a0-217653b8.txt,true,10,true
293,bbb1289a-b49fe5de.jpg,images/val/bbb1289a-b49fe5de.jpg,labels/val/bbb1289a-b49fe5de.txt,true,19,true
296,bbc0f7ea-77bee0c4.jpg,images/val/bbc0f7ea-77bee0c4.jpg,labels/val/bbc0f7ea-77bee0c4.txt,true,14,true
298,bbcdfc12-87ca1f44.jpg,images/val/bbcdfc12-87ca1f44.jpg,labels/val/bbcdfc12-87ca1f44.txt,true,6,true
300,bbfe3b4f-71b57b40.jpg,images/val/bbfe3b4f-71b57b40.jpg,labels/val/bbfe3b4f-71b57b40.txt,true,3,true
301,bc1e4645-5c81c3c1.jpg,images/val/bc1e4645-5c81c3c1.jpg,labels/val/bc1e4645-5c81c3c1.txt,true,7,true
302,bc1e4645-76a7fd0e.jpg,images/val/bc1e4645-76a7fd0e.jpg,labels/val/bc1e4645-76a7fd0e.txt,true,18,true
303,bc05c126-b5aff837.jpg,images/val/bc05c126-b5aff837.jpg,labels/val/bc05c126-b5aff837.txt,true,11,true
304,bc5fadac-47398ddc.jpg,images/val/bc5fadac-47398ddc.jpg,labels/val/bc5fadac-47398ddc.txt,true,19,true
308,bc6a6534-8b519e81.jpg,images/val/bc6a6534-8b519e81.jpg,labels/val/bc6a6534-8b519e81.txt,true,8,true
309,bc7e7e2c-3f42fbae.jpg,images/val/bc7e7e2c-3f42fbae.jpg,labels/val/bc7e7e2c-3f42fbae.txt,true,7,true
310,bc7e7e2c-6388153c.jpg,images/val/bc7e7e2c-6388153c.jpg,labels/val/bc7e7e2c-6388153c.txt,true,22,true
311,bc8c555a-5f402650.jpg,images/val/bc8c555a-5f402650.jpg,labels/val/bc8c555a-5f402650.txt,true,7,true
313,bc8f34d9-84c7849d.jpg,images/val/bc8f34d9-84c7849d.jpg,labels/val/bc8f34d9-84c7849d.txt,true,4,true
314,bc18b981-f4361b9d.jpg,images/val/bc18b981-f4361b9d.jpg,labels/val/bc18b981-f4361b9d.txt,true,9,true
315,bc19c993-c0a0f85f.jpg,images/val/bc19c993-c0a0f85f.jpg,labels/val/bc19c993-c0a0f85f.txt,true,14,true
317,bc24f222-4fdb5e23.jpg,images/val/bc24f222-4fdb5e23.jpg,labels/val/bc24f222-4fdb5e23.txt,true,8,true
318,bc101f0f-6b6d71e7.jpg,images/val/bc101f0f-6b6d71e7.jpg,labels/val/bc101f0f-6b6d71e7.txt,true,14,true
319,bc140c47-7caca472.jpg,images/val/bc140c47-7caca472.jpg,labels/val/bc140c47-7caca472.txt,true,5,true
320,bc197c3b-9d39a36a.jpg,images/val/bc197c3b-9d39a36a.jpg,labels/val/bc197c3b-9d39a36a.txt,true,18,true
321,bc715fc7-87a29be4.jpg,images/val/bc715fc7-87a29be4.jpg,labels/val/bc715fc7-87a29be4.txt,true,2,true
323,bc886d37-5b22c313.jpg,images/val/bc886d37-5b22c313.jpg,labels/val/bc886d37-5b22c313.txt,true,6,true
324,bc082805-7738f543.jpg,images/val/bc082805-7738f543.jpg,labels/val/bc082805-7738f543.txt,true,4,true
325,bca36352-5de70a3f.jpg,images/val/bca36352-5de70a3f.jpg,labels/val/bca36352-5de70a3f.txt,true,8,true
326,bcade6d5-430ff8e0.jpg,images/val/bcade6d5-430ff8e0.jpg,labels/val/bcade6d5-430ff8e0.txt,true,6,true
328,bcbfbfb8-297deca0.jpg,images/val/bcbfbfb8-297deca0.jpg,labels/val/bcbfbfb8-297deca0.txt,true,14,true
329,bcc4efaf-023c2a93.jpg,images/val/bcc4efaf-023c2a93.jpg,labels/val/bcc4efaf-023c2a93.txt,true,21,true
330,bcde71de-1bf86b19.jpg,images/val/bcde71de-1bf86b19.jpg,labels/val/bcde71de-1bf86b19.txt,true,7,true
332,bd2fd996-71e2a020.jpg,images/val/bd2fd996-71e2a020.jpg,labels/val/bd2fd996-71e2a020.txt,true,12,true
333,bd3bd3ab-8e38f822.jpg,images/val/bd3bd3ab-8e38f822.jpg,labels/val/bd3bd3ab-8e38f822.txt,true,5,true
334,bd4c1d7e-24700e36.jpg,images/val/bd4c1d7e-24700e36.jpg,labels/val/bd4c1d7e-24700e36.txt,true,5,true
335,bd5c34f4-52ef24cd.jpg,images/val/bd5c34f4-52ef24cd.jpg,labels/val/bd5c34f4-52ef24cd.txt,true,13,true
338,bd5f8f37-b3008fa1.jpg,images/val/bd5f8f37-b3008fa1.jpg,labels/val/bd5f8f37-b3008fa1.txt,true,11,true
339,bd6c7aef-750b28cc.jpg,images/val/bd6c7aef-750b28cc.jpg,labels/val/bd6c7aef-750b28cc.txt,true,7,true
343,bd57e60e-504a870b.jpg,images/val/bd57e60e-504a870b.jpg,labels/val/bd57e60e-504a870b.txt,true,6,true
345,bd320d5f-f6fd0850.jpg,images/val/bd320d5f-f6fd0850.jpg,labels/val/bd320d5f-f6fd0850.txt,true,7,true
346,bd355fcc-bbe3eda5.jpg,images/val/bd355fcc-bbe3eda5.jpg,labels/val/bd355fcc-bbe3eda5.txt,true,12,true
348,bd0829be-ba790c09.jpg,images/val/bd0829be-ba790c09.jpg,labels/val/bd0829be-ba790c09.txt,true,28,true
349,bd931a20-031fbc84.jpg,images/val/bd931a20-031fbc84.jpg,labels/val/bd931a20-031fbc84.txt,true,18,true
350,bd937f4d-6c06e8b4.jpg,images/val/bd937f4d-6c06e8b4.jpg,labels/val/bd937f4d-6c06e8b4.txt,true,6,true
351,bd812175-88bdcb99.jpg,images/val/bd812175-88bdcb99.jpg,labels/val/bd812175-88bdcb99.txt,true,10,true
353,bd989210-d2369f97.jpg,images/val/bd989210-d2369f97.jpg,labels/val/bd989210-d2369f97.txt,true,8,true
354,bd989210-ecdee00d.jpg,images/val/bd989210-ecdee00d.jpg,labels/val/bd989210-ecdee00d.txt,true,5,true
358,bda46285-116182b2.jpg,images/val/bda46285-116182b2.jpg,labels/val/bda46285-116182b2.txt,true,14,true
359,bdaeda37-9cc73420.jpg,images/val/bdaeda37-9cc73420.jpg,labels/val/bdaeda37-9cc73420.txt,true,2,true
361,bde83a65-61f8f702.jpg,images/val/bde83a65-61f8f702.jpg,labels/val/bde83a65-61f8f702.txt,true,10,true
362,bde83a65-d8ce4ddc.jpg,images/val/bde83a65-d8ce4ddc.jpg,labels/val/bde83a65-d8ce4ddc.txt,true,8,true
363,bdec39d8-c94681b3.jpg,images/val/bdec39d8-c94681b3.jpg,labels/val/bdec39d8-c94681b3.txt,true,13,true
364,bdf6ab8b-3ebe8356.jpg,images/val/bdf6ab8b-3ebe8356.jpg,labels/val/bdf6ab8b-3ebe8356.txt,true,3,true
368,be8b3ab2-26370e88.jpg,images/val/be8b3ab2-26370e88.jpg,labels/val/be8b3ab2-26370e88.txt,true,21,true
369,be49ae7a-1ffaa683.jpg,images/val/be49ae7a-1ffaa683.jpg,labels/val/be49ae7a-1ffaa683.txt,true,12,true
370,be415cb5-0f27b485.jpg,images/val/be415cb5-0f27b485.jpg,labels/val/be415cb5-0f27b485.txt,true,5,true
374,be651ffd-0bc74ac7.jpg,images/val/be651ffd-0bc74ac7.jpg,labels/val/be651ffd-0bc74ac7.txt,true,18,true
376,be839b4c-fba3ea45.jpg,images/val/be839b4c-fba3ea45.jpg,labels/val/be839b4c-fba3ea45.txt,true,19,true
379,be5559e0-15ecaa2b.jpg,images/val/be5559e0-15ecaa2b.jpg,labels/val/be5559e0-15ecaa2b.txt,true,17,true
380,be9496ad-3d23e714.jpg,images/val/be9496ad-3d23e714.jpg,labels/val/be9496ad-3d23e714.txt,true,5,true
383,be448414-f60b61c9.jpg,images/val/be448414-f60b61c9.jpg,labels/val/be448414-f60b61c9.txt,true,15,true
384,be819732-9cff62ba.jpg,images/val/be819732-9cff62ba.jpg,labels/val/be819732-9cff62ba.txt,true,9,true
385,bea02fed-85841fe4.jpg,images/val/bea02fed-85841fe4.jpg,labels/val/bea02fed-85841fe4.txt,true,26,true
386,bea02fed-c803e656.jpg,images/val/bea02fed-c803e656.jpg,labels/val/bea02fed-c803e656.txt,true,2,true
387,beaae4eb-f6975a4f.jpg,images/val/beaae4eb-f6975a4f.jpg,labels/val/beaae4eb-f6975a4f.txt,true,6,true
389,beb3d6ea-d2584fc7.jpg,images/val/beb3d6ea-d2584fc7.jpg,labels/val/beb3d6ea-d2584fc7.txt,true,7,true
390,bec7b5c0-1bbf2379.jpg,images/val/bec7b5c0-1bbf2379.jpg,labels/val/bec7b5c0-1bbf2379.txt,true,4,true
391,bec7b5c0-5d9ee937.jpg,images/val/bec7b5c0-5d9ee937.jpg,labels/val/bec7b5c0-5d9ee937.txt,true,11,true
392,bec7b5c0-177923dd.jpg,images/val/bec7b5c0-177923dd.jpg,labels/val/bec7b5c0-177923dd.txt,true,10,true
393,bec7b5c0-36069512.jpg,images/val/bec7b5c0-36069512.jpg,labels/val/bec7b5c0-36069512.txt,true,11,true
394,bec7b5c0-ca19e1e3.jpg,images/val/bec7b5c0-ca19e1e3.jpg,labels/val/bec7b5c0-ca19e1e3.txt,true,20,true
395,bed4ed94-526eb41d.jpg,images/val/bed4ed94-526eb41d.jpg,labels/val/bed4ed94-526eb41d.txt,true,8,true
396,bedb9474-8dd30e6f.jpg,images/val/bedb9474-8dd30e6f.jpg,labels/val/bedb9474-8dd30e6f.txt,true,15,true
399,beef90ca-dd806a38.jpg,images/val/beef90ca-dd806a38.jpg,labels/val/beef90ca-dd806a38.txt,true,8,true
400,bef7fb14-970e2929.jpg,images/val/bef7fb14-970e2929.jpg,labels/val/bef7fb14-970e2929.txt,true,4,true
403,bf8feaf5-cf2b6195.jpg,images/val/bf8feaf5-cf2b6195.jpg,labels/val/bf8feaf5-cf2b6195.txt,true,13,true
404,bf9e3b67-2d5736bc.jpg,images/val/bf9e3b67-2d5736bc.jpg,labels/val/bf9e3b67-2d5736bc.txt,true,14,true
405,bf70a9e2-55b26931.jpg,images/val/bf70a9e2-55b26931.jpg,labels/val/bf70a9e2-55b26931.txt,true,7,true
406,bf76fa8e-889c317d.jpg,images/val/bf76fa8e-889c317d.jpg,labels/val/bf76fa8e-889c317d.txt,true,10,true
407,bf77e9b1-33a1b81e.jpg,images/val/bf77e9b1-33a1b81e.jpg,labels/val/bf77e9b1-33a1b81e.txt,true,14,true
410,bf213ac1-1665b81a.jpg,images/val/bf213ac1-1665b81a.jpg,labels/val/bf213ac1-1665b81a.txt,true,18,true
412,bf97082f-7b5ec66c.jpg,images/val/bf97082f-7b5ec66c.jpg,labels/val/bf97082f-7b5ec66c.txt,true,13,true
413,bf474631-7bf7833c.jpg,images/val/bf474631-7bf7833c.jpg,labels/val/bf474631-7bf7833c.txt,true,5,true
416,bfaca2bb-22fbe726.jpg,images/val/bfaca2bb-22fbe726.jpg,labels/val/bfaca2bb-22fbe726.txt,true,8,true
418,bfaca2bb-98dfee43.jpg,images/val/bfaca2bb-98dfee43.jpg,labels/val/bfaca2bb-98dfee43.txt,true,12,true
419,bfb72242-2b84934e.jpg,images/val/bfb72242-2b84934e.jpg,labels/val/bfb72242-2b84934e.txt,true,16,true
420,bfb72242-c9cffb08.jpg,images/val/bfb72242-c9cffb08.jpg,labels/val/bfb72242-c9cffb08.txt,true,5,true
421,bfd08f2c-b67851d1.jpg,images/val/bfd08f2c-b67851d1.jpg,labels/val/bfd08f2c-b67851d1.txt,true,18,true
422,bfd29575-767314a3.jpg,images/val/bfd29575-767314a3.jpg,labels/val/bfd29575-767314a3.txt,true,7,true
423,bfe98b68-b1125889.jpg,images/val/bfe98b68-b1125889.jpg,labels/val/bfe98b68-b1125889.txt,true,6,true
424,bfe587eb-d21baba4.jpg,images/val/bfe587eb-d21baba4.jpg,labels/val/bfe587eb-d21baba4.txt,true,7,true
425,bfef4a55-0c354241.jpg,images/val/bfef4a55-0c354241.jpg,labels/val/bfef4a55-0c354241.txt,true,7,true
426,bfef4a55-005ca254.jpg,images/val/bfef4a55-005ca254.jpg,labels/val/bfef4a55-005ca254.txt,true,4,true
427,bfef4a55-a91bccc2.jpg,images/val/bfef4a55-a91bccc2.jpg,labels/val/bfef4a55-a91bccc2.txt,true,8,true
429,bff2ee41-90d20c1a.jpg,images/val/bff2ee41-90d20c1a.jpg,labels/val/bff2ee41-90d20c1a.txt,true,7,true
430,bff7091d-4ea5eb2a.jpg,images/val/bff7091d-4ea5eb2a.jpg,labels/val/bff7091d-4ea5eb2a.txt,true,14,true
432,c0a6cfd6-fa4e3a71.jpg,images/val/c0a6cfd6-fa4e3a71.jpg,labels/val/c0a6cfd6-fa4e3a71.txt,true,21,true
434,c0be0e03-063c7cf7.jpg,images/val/c0be0e03-063c7cf7.jpg,labels/val/c0be0e03-063c7cf7.txt,true,2,true
436,c00d02a5-01e36f95.jpg,images/val/c00d02a5-01e36f95.jpg,labels/val/c00d02a5-01e36f95.txt,true,21,true
437,c0d3128e-8adf0493.jpg,images/val/c0d3128e-8adf0493.jpg,labels/val/c0d3128e-8adf0493.txt,true,9,true
438,c0dc5a95-26ea2d7d.jpg,images/val/c0dc5a95-26ea2d7d.jpg,labels/val/c0dc5a95-26ea2d7d.txt,true,12,true
442,c0eba0ba-c73e128d.jpg,images/val/c0eba0ba-c73e128d.jpg,labels/val/c0eba0ba-c73e128d.txt,true,8,true
443,c00ec632-8bf1e59e.jpg,images/val/c00ec632-8bf1e59e.jpg,labels/val/c00ec632-8bf1e59e.txt,true,12,true
444,c0faf05b-b3cba171.jpg,images/val/c0faf05b-b3cba171.jpg,labels/val/c0faf05b-b3cba171.txt,true,11,true
445,c0fce69f-42d06912.jpg,images/val/c0fce69f-42d06912.jpg,labels/val/c0fce69f-42d06912.txt,true,20,true
446,c1a1e343-92f68005.jpg,images/val/c1a1e343-92f68005.jpg,labels/val/c1a1e343-92f68005.txt,true,6,true
447,c1a2f331-c407620f.jpg,images/val/c1a2f331-c407620f.jpg,labels/val/c1a2f331-c407620f.txt,true,16,true
449,c1a07cae-fc54c9dc.jpg,images/val/c1a07cae-fc54c9dc.jpg,labels/val/c1a07cae-fc54c9dc.txt,true,12,true
451,c1b5a91c-9e402e78.jpg,images/val/c1b5a91c-9e402e78.jpg,labels/val/c1b5a91c-9e402e78.txt,true,25,true
452,c1b173ec-7c9f4aba.jpg,images/val/c1b173ec-7c9f4aba.jpg,labels/val/c1b173ec-7c9f4aba.txt,true,19,true
453,c1d9edc8-8986da55.jpg,images/val/c1d9edc8-8986da55.jpg,labels/val/c1d9edc8-8986da55.txt,true,11,true
454,c1f2bf8e-7b0e284d.jpg,images/val/c1f2bf8e-7b0e284d.jpg,labels/val/c1f2bf8e-7b0e284d.txt,true,13,true
455,c1f9f357-0ea2a4a9.jpg,images/val/c1f9f357-0ea2a4a9.jpg,labels/val/c1f9f357-0ea2a4a9.txt,true,4,true
456,c1f7104e-b64ae3b2.jpg,images/val/c1f7104e-b64ae3b2.jpg,labels/val/c1f7104e-b64ae3b2.txt,true,6,true
457,c1f39934-077f75ad.jpg,images/val/c1f39934-077f75ad.jpg,labels/val/c1f39934-077f75ad.txt,true,12,true
458,c1f39934-59878ba6.jpg,images/val/c1f39934-59878ba6.jpg,labels/val/c1f39934-59878ba6.txt,true,19,true
459,c1fa7950-56a78519.jpg,images/val/c1fa7950-56a78519.jpg,labels/val/c1fa7950-56a78519.txt,true,4,true
460,c1fd3aad-0fdb8c7c.jpg,images/val/c1fd3aad-0fdb8c7c.jpg,labels/val/c1fd3aad-0fdb8c7c.txt,true,12,true
462,c2a42061-fc4af0cd.jpg,images/val/c2a42061-fc4af0cd.jpg,labels/val/c2a42061-fc4af0cd.txt,true,15,true
463,c2ad6f21-713c330a.jpg,images/val/c2ad6f21-713c330a.jpg,labels/val/c2ad6f21-713c330a.txt,true,18,true
464,c2b6d359-e8c54604.jpg,images/val/c2b6d359-e8c54604.jpg,labels/val/c2b6d359-e8c54604.txt,true,5,true
465,c2bd70f5-b518c14f.jpg,images/val/c2bd70f5-b518c14f.jpg,labels/val/c2bd70f5-b518c14f.txt,true,13,true
467,c2ca5977-11073d54.jpg,images/val/c2ca5977-11073d54.jpg,labels/val/c2ca5977-11073d54.txt,true,12,true
468,c2ccc2a6-81d75278.jpg,images/val/c2ccc2a6-81d75278.jpg,labels/val/c2ccc2a6-81d75278.txt,true,8,true
469,c2d33423-8f1d3d05.jpg,images/val/c2d33423-8f1d3d05.jpg,labels/val/c2d33423-8f1d3d05.txt,true,15,true
470,c2dba16e-9ead0a99.jpg,images/val/c2dba16e-9ead0a99.jpg,labels/val/c2dba16e-9ead0a99.txt,true,20,true
471,c2edfde8-ed5a96ad.jpg,images/val/c2edfde8-ed5a96ad.jpg,labels/val/c2edfde8-ed5a96ad.txt,true,10,true
472,c2f25682-16a2fc3f.jpg,images/val/c2f25682-16a2fc3f.jpg,labels/val/c2f25682-16a2fc3f.txt,true,12,true
473,c02fb811-03f28b56.jpg,images/val/c02fb811-03f28b56.jpg,labels/val/c02fb811-03f28b56.txt,true,11,true
475,c3aca55d-61d72a19.jpg,images/val/c3aca55d-61d72a19.jpg,labels/val/c3aca55d-61d72a19.txt,true,5,true
476,c3ae9216-b9dab4a9.jpg,images/val/c3ae9216-b9dab4a9.jpg,labels/val/c3ae9216-b9dab4a9.txt,true,17,true
477,c3b1694b-79c97ac2.jpg,images/val/c3b1694b-79c97ac2.jpg,labels/val/c3b1694b-79c97ac2.txt,true,14,true
479,c3c0f47b-e11941f3.jpg,images/val/c3c0f47b-e11941f3.jpg,labels/val/c3c0f47b-e11941f3.txt,true,12,true
480,c3cc12e9-d96fb013.jpg,images/val/c3cc12e9-d96fb013.jpg,labels/val/c3cc12e9-d96fb013.txt,true,6,true
481,c3dc6d37-60d68540.jpg,images/val/c3dc6d37-60d68540.jpg,labels/val/c3dc6d37-60d68540.txt,true,4,true
483,c3dde797-aea46f02.jpg,images/val/c3dde797-aea46f02.jpg,labels/val/c3dde797-aea46f02.txt,true,2,true
484,c3def78d-b3fa5b93.jpg,images/val/c3def78d-b3fa5b93.jpg,labels/val/c3def78d-b3fa5b93.txt,true,10,true
485,c3e87419-dd6f2321.jpg,images/val/c3e87419-dd6f2321.jpg,labels/val/c3e87419-dd6f2321.txt,true,11,true
487,c4b3ce3d-6e999bfc.jpg,images/val/c4b3ce3d-6e999bfc.jpg,labels/val/c4b3ce3d-6e999bfc.txt,true,3,true
488,c4b3ce3d-8b344a2f.jpg,images/val/c4b3ce3d-8b344a2f.jpg,labels/val/c4b3ce3d-8b344a2f.txt,true,8,true
490,c4b8d344-dcbbc041.jpg,images/val/c4b8d344-dcbbc041.jpg,labels/val/c4b8d344-dcbbc041.txt,true,4,true
492,c4ceb792-87e9c3b2.jpg,images/val/c4ceb792-87e9c3b2.jpg,labels/val/c4ceb792-87e9c3b2.txt,true,16,true
493,c4dbd719-26df8369.jpg,images/val/c4dbd719-26df8369.jpg,labels/val/c4dbd719-26df8369.txt,true,4,true
494,c4e3cf95-4f803484.jpg,images/val/c4e3cf95-4f803484.jpg,labels/val/c4e3cf95-4f803484.txt,true,5,true
495,c4e92086-e1b8324f.jpg,images/val/c4e92086-e1b8324f.jpg,labels/val/c4e92086-e1b8324f.txt,true,9,true
497,c4f19b5d-63528c25.jpg,images/val/c4f19b5d-63528c25.jpg,labels/val/c4f19b5d-63528c25.txt,true,9,true
499,c4f4718b-7a18cd62.jpg,images/val/c4f4718b-7a18cd62.jpg,labels/val/c4f4718b-7a18cd62.txt,true,2,true
502,c5a0ad25-ce65688e.jpg,images/val/c5a0ad25-ce65688e.jpg,labels/val/c5a0ad25-ce65688e.txt,true,11,true
503,c5a0d993-a86563c1.jpg,images/val/c5a0d993-a86563c1.jpg,labels/val/c5a0d993-a86563c1.txt,true,7,true
504,c5ab4d79-c244d950.jpg,images/val/c5ab4d79-c244d950.jpg,labels/val/c5ab4d79-c244d950.txt,true,6,true
505,c5b6c311-af650f3b.jpg,images/val/c5b6c311-af650f3b.jpg,labels/val/c5b6c311-af650f3b.txt,true,3,true
507,c5b2506d-07e406a6.jpg,images/val/c5b2506d-07e406a6.jpg,labels/val/c5b2506d-07e406a6.txt,true,13,true
508,c5c9d88b-71b49b27.jpg,images/val/c5c9d88b-71b49b27.jpg,labels/val/c5c9d88b-71b49b27.txt,true,4,true
510,c5c1956a-f18fba95.jpg,images/val/c5c1956a-f18fba95.jpg,labels/val/c5c1956a-f18fba95.txt,true,21,true
511,c5c3116a-8bcf604c.jpg,images/val/c5c3116a-8bcf604c.jpg,labels/val/c5c3116a-8bcf604c.txt,true,19,true
512,c5e8ab3b-6e92761c.jpg,images/val/c5e8ab3b-6e92761c.jpg,labels/val/c5e8ab3b-6e92761c.txt,true,6,true
513,c5e8457e-381c8a85.jpg,images/val/c5e8457e-381c8a85.jpg,labels/val/c5e8457e-381c8a85.txt,true,8,true
514,c5f8a1ae-0d55fc7a.jpg,images/val/c5f8a1ae-0d55fc7a.jpg,labels/val/c5f8a1ae-0d55fc7a.txt,true,13,true
515,c5fcf26b-c3f9aa67.jpg,images/val/c5fcf26b-c3f9aa67.jpg,labels/val/c5fcf26b-c3f9aa67.txt,true,3,true
518,c6a23a03-fb6ef9c3.jpg,images/val/c6a23a03-fb6ef9c3.jpg,labels/val/c6a23a03-fb6ef9c3.txt,true,5,true
520,c6b8dc9c-1d5e230a.jpg,images/val/c6b8dc9c-1d5e230a.jpg,labels/val/c6b8dc9c-1d5e230a.txt,true,23,true
521,c6bf8d8a-b5474262.jpg,images/val/c6bf8d8a-b5474262.jpg,labels/val/c6bf8d8a-b5474262.txt,true,16,true
525,c6ea1428-223b4063.jpg,images/val/c6ea1428-223b4063.jpg,labels/val/c6ea1428-223b4063.txt,true,16,true
528,c7b49761-fc7ed898.jpg,images/val/c7b49761-fc7ed898.jpg,labels/val/c7b49761-fc7ed898.txt,true,4,true
529,c7b86405-da6e2abc.jpg,images/val/c7b86405-da6e2abc.jpg,labels/val/c7b86405-da6e2abc.txt,true,12,true
532,c7c5969b-3d72de47.jpg,images/val/c7c5969b-3d72de47.jpg,labels/val/c7c5969b-3d72de47.txt,true,7,true
534,c7c5969b-c0899dbc.jpg,images/val/c7c5969b-c0899dbc.jpg,labels/val/c7c5969b-c0899dbc.txt,true,16,true
535,c7c5969b-d4264f7e.jpg,images/val/c7c5969b-d4264f7e.jpg,labels/val/c7c5969b-d4264f7e.txt,true,7,true
536,c7c5969b-f1bc3e3a.jpg,images/val/c7c5969b-f1bc3e3a.jpg,labels/val/c7c5969b-f1bc3e3a.txt,true,7,true
539,c7d8260d-1c3f0898.jpg,images/val/c7d8260d-1c3f0898.jpg,labels/val/c7d8260d-1c3f0898.txt,true,7,true
540,c7d8260d-e1f6b3f8.jpg,images/val/c7d8260d-e1f6b3f8.jpg,labels/val/c7d8260d-e1f6b3f8.txt,true,19,true
541,c7d72934-2162b615.jpg,images/val/c7d72934-2162b615.jpg,labels/val/c7d72934-2162b615.txt,true,16,true
543,c7e6d5d1-c8af9fe3.jpg,images/val/c7e6d5d1-c8af9fe3.jpg,labels/val/c7e6d5d1-c8af9fe3.txt,true,11,true
545,c7f8589f-45c47b58.jpg,images/val/c7f8589f-45c47b58.jpg,labels/val/c7f8589f-45c47b58.txt,true,8,true
546,c7fe62b1-831805d0.jpg,images/val/c7fe62b1-831805d0.jpg,labels/val/c7fe62b1-831805d0.txt,true,35,true
548,c8b983aa-59bbf82b.jpg,images/val/c8b983aa-59bbf82b.jpg,labels/val/c8b983aa-59bbf82b.txt,true,6,true
549,c8bad943-c78f2df3.jpg,images/val/c8bad943-c78f2df3.jpg,labels/val/c8bad943-c78f2df3.txt,true,14,true
551,c8c022ae-b7e1c0b5.jpg,images/val/c8c022ae-b7e1c0b5.jpg,labels/val/c8c022ae-b7e1c0b5.txt,true,7,true
553,c8e8cd4a-2f894188.jpg,images/val/c8e8cd4a-2f894188.jpg,labels/val/c8e8cd4a-2f894188.txt,true,6,true
554,c8e8f29f-aa6b38d9.jpg,images/val/c8e8f29f-aa6b38d9.jpg,labels/val/c8e8f29f-aa6b38d9.txt,true,9,true
556,c8ed2212-b60fa314.jpg,images/val/c8ed2212-b60fa314.jpg,labels/val/c8ed2212-b60fa314.txt,true,13,true
557,c8ef1a34-e7c66c0c.jpg,images/val/c8ef1a34-e7c66c0c.jpg,labels/val/c8ef1a34-e7c66c0c.txt,true,13,true
558,c8ef6dea-eea7d4cd.jpg,images/val/c8ef6dea-eea7d4cd.jpg,labels/val/c8ef6dea-eea7d4cd.txt,true,9,true
559,c8f0adf0-85eb7754.jpg,images/val/c8f0adf0-85eb7754.jpg,labels/val/c8f0adf0-85eb7754.txt,true,8,true
560,c8f6f631-a1eb5133.jpg,images/val/c8f6f631-a1eb5133.jpg,labels/val/c8f6f631-a1eb5133.txt,true,15,true
562,c8fa732b-fbdaa989.jpg,images/val/c8fa732b-fbdaa989.jpg,labels/val/c8fa732b-fbdaa989.txt,true,6,true
563,c09af0c6-3c0b82a7.jpg,images/val/c09af0c6-3c0b82a7.jpg,labels/val/c09af0c6-3c0b82a7.txt,true,14,true
564,c9b0aa61-15573161.jpg,images/val/c9b0aa61-15573161.jpg,labels/val/c9b0aa61-15573161.txt,true,4,true
565,c9b099e4-6ab2e4f4.jpg,images/val/c9b099e4-6ab2e4f4.jpg,labels/val/c9b099e4-6ab2e4f4.txt,true,12,true
566,c9b29647-95da8336.jpg,images/val/c9b29647-95da8336.jpg,labels/val/c9b29647-95da8336.txt,true,10,true
567,c9c0e486-f197b842.jpg,images/val/c9c0e486-f197b842.jpg,labels/val/c9c0e486-f197b842.txt,true,18,true
569,c9c6949a-14eea22b.jpg,images/val/c9c6949a-14eea22b.jpg,labels/val/c9c6949a-14eea22b.txt,true,9,true
570,c9ca4c6c-4c9db372.jpg,images/val/c9ca4c6c-4c9db372.jpg,labels/val/c9ca4c6c-4c9db372.txt,true,16,true
572,c9d89485-18576ffb.jpg,images/val/c9d89485-18576ffb.jpg,labels/val/c9d89485-18576ffb.txt,true,13,true
574,c9dedfc8-b23ac57e.jpg,images/val/c9dedfc8-b23ac57e.jpg,labels/val/c9dedfc8-b23ac57e.txt,true,7,true
577,c9f6b520-523674ac.jpg,images/val/c9f6b520-523674ac.jpg,labels/val/c9f6b520-523674ac.txt,true,10,true
579,c16d3fdb-a3a8c912.jpg,images/val/c16d3fdb-a3a8c912.jpg,labels/val/c16d3fdb-a3a8c912.txt,true,5,true
583,c019c1f1-883ea964.jpg,images/val/c019c1f1-883ea964.jpg,labels/val/c019c1f1-883ea964.txt,true,5,true
585,c20e5778-cfbaabbf.jpg,images/val/c20e5778-cfbaabbf.jpg,labels/val/c20e5778-cfbaabbf.txt,true,11,true
587,c022e075-de13593a.jpg,images/val/c022e075-de13593a.jpg,labels/val/c022e075-de13593a.txt,true,5,true
588,c25a8eea-5c0d75f6.jpg,images/val/c25a8eea-5c0d75f6.jpg,labels/val/c25a8eea-5c0d75f6.txt,true,3,true
589,c28cecbb-11796cf6.jpg,images/val/c28cecbb-11796cf6.jpg,labels/val/c28cecbb-11796cf6.txt,true,39,true
590,c29d13ba-67447c50.jpg,images/val/c29d13ba-67447c50.jpg,labels/val/c29d13ba-67447c50.txt,true,9,true
591,c29d13ba-ad7aee3f.jpg,images/val/c29d13ba-ad7aee3f.jpg,labels/val/c29d13ba-ad7aee3f.txt,true,11,true
593,c31a04de-b269b568.jpg,images/val/c31a04de-b269b568.jpg,labels/val/c31a04de-b269b568.txt,true,17,true
596,c37d47c0-c830ec1c.jpg,images/val/c37d47c0-c830ec1c.jpg,labels/val/c37d47c0-c830ec1c.txt,true,5,true
597,c38bdba6-cb18e83a.jpg,images/val/c38bdba6-cb18e83a.jpg,labels/val/c38bdba6-cb18e83a.txt,true,11,true
599,c45fbe22-8bcb4ef4.jpg,images/val/c45fbe22-8bcb4ef4.jpg,labels/val/c45fbe22-8bcb4ef4.txt,true,5,true
602,c46c8375-e5fa2581.jpg,images/val/c46c8375-e5fa2581.jpg,labels/val/c46c8375-e5fa2581.txt,true,11,true
603,c48ba79f-d8e0bf32.jpg,images/val/c48ba79f-d8e0bf32.jpg,labels/val/c48ba79f-d8e0bf32.txt,true,3,true
605,c050a325-3fbdf46f.jpg,images/val/c050a325-3fbdf46f.jpg,labels/val/c050a325-3fbdf46f.txt,true,9,true
606,c050a325-b9aa9e5f.jpg,images/val/c050a325-b9aa9e5f.jpg,labels/val/c050a325-b9aa9e5f.txt,true,10,true
609,c52f53f8-83f49a86.jpg,images/val/c52f53f8-83f49a86.jpg,labels/val/c52f53f8-83f49a86.txt,true,7,true
612,c57caddc-26ab6ed5.jpg,images/val/c57caddc-26ab6ed5.jpg,labels/val/c57caddc-26ab6ed5.txt,true,7,true
613,c57cda5b-7ca48687.jpg,images/val/c57cda5b-7ca48687.jpg,labels/val/c57cda5b-7ca48687.txt,true,9,true
614,c57cda5b-e43a49aa.jpg,images/val/c57cda5b-e43a49aa.jpg,labels/val/c57cda5b-e43a49aa.txt,true,7,true
615,c60d6c5c-11adb0a5.jpg,images/val/c60d6c5c-11adb0a5.jpg,labels/val/c60d6c5c-11adb0a5.txt,true,12,true
616,c60f0eb4-bb0d650b.jpg,images/val/c60f0eb4-bb0d650b.jpg,labels/val/c60f0eb4-bb0d650b.txt,true,20,true
617,c60ffc99-13f7f8e0.jpg,images/val/c60ffc99-13f7f8e0.jpg,labels/val/c60ffc99-13f7f8e0.txt,true,10,true
618,c61cc09d-7ba22a23.jpg,images/val/c61cc09d-7ba22a23.jpg,labels/val/c61cc09d-7ba22a23.txt,true,19,true
622,c63f6bb5-e23a253e.jpg,images/val/c63f6bb5-e23a253e.jpg,labels/val/c63f6bb5-e23a253e.txt,true,9,true
623,c64dd3d9-3981f6e3.jpg,images/val/c64dd3d9-3981f6e3.jpg,labels/val/c64dd3d9-3981f6e3.txt,true,8,true
625,c66a2cb5-7299f544.jpg,images/val/c66a2cb5-7299f544.jpg,labels/val/c66a2cb5-7299f544.txt,true,18,true
627,c68f8fd2-61681484.jpg,images/val/c68f8fd2-61681484.jpg,labels/val/c68f8fd2-61681484.txt,true,20,true
628,c69d1519-dfb88cdf.jpg,images/val/c69d1519-dfb88cdf.jpg,labels/val/c69d1519-dfb88cdf.txt,true,11,true
630,c75dff4f-c91e6880.jpg,images/val/c75dff4f-c91e6880.jpg,labels/val/c75dff4f-c91e6880.txt,true,3,true
634,c80cf60a-8bb33a63.jpg,images/val/c80cf60a-8bb33a63.jpg,labels/val/c80cf60a-8bb33a63.txt,true,18,true
635,c81afdad-8b689a37.jpg,images/val/c81afdad-8b689a37.jpg,labels/val/c81afdad-8b689a37.txt,true,14,true
641,c87d3555-5c159851.jpg,images/val/c87d3555-5c159851.jpg,labels/val/c87d3555-5c159851.txt,true,15,true
642,c87e0427-31e8946b.jpg,images/val/c87e0427-31e8946b.jpg,labels/val/c87e0427-31e8946b.txt,true,15,true
644,c89ee093-f527ef81.jpg,images/val/c89ee093-f527ef81.jpg,labels/val/c89ee093-f527ef81.txt,true,11,true
646,c90a2111-04776fd3.jpg,images/val/c90a2111-04776fd3.jpg,labels/val/c90a2111-04776fd3.txt,true,16,true
648,c91a84db-b08249fc.jpg,images/val/c91a84db-b08249fc.jpg,labels/val/c91a84db-b08249fc.txt,true,15,true
649,c91da210-34d6b472.jpg,images/val/c91da210-34d6b472.jpg,labels/val/c91da210-34d6b472.txt,true,9,true
650,c91da210-37d62a18.jpg,images/val/c91da210-37d62a18.jpg,labels/val/c91da210-37d62a18.txt,true,25,true
652,c95fecc3-4e289a4e.jpg,images/val/c95fecc3-4e289a4e.jpg,labels/val/c95fecc3-4e289a4e.txt,true,3,true
653,c95fecc3-41401a5f.jpg,images/val/c95fecc3-41401a5f.jpg,labels/val/c95fecc3-41401a5f.txt,true,22,true
654,c96a9fb4-cacac0fc.jpg,images/val/c96a9fb4-cacac0fc.jpg,labels/val/c96a9fb4-cacac0fc.txt,true,9,true
656,c96e0b6a-7d3c5b31.jpg,images/val/c96e0b6a-7d3c5b31.jpg,labels/val/c96e0b6a-7d3c5b31.txt,true,4,true
658,c96ffe59-25022c0b.jpg,images/val/c96ffe59-25022c0b.jpg,labels/val/c96ffe59-25022c0b.txt,true,15,true
659,c97abe9e-ccbca525.jpg,images/val/c97abe9e-ccbca525.jpg,labels/val/c97abe9e-ccbca525.txt,true,9,true
660,c99a4baf-9b8ca7d9.jpg,images/val/c99a4baf-9b8ca7d9.jpg,labels/val/c99a4baf-9b8ca7d9.txt,true,10,true
661,c100db13-71b423e5.jpg,images/val/c100db13-71b423e5.jpg,labels/val/c100db13-71b423e5.txt,true,14,true
662,c122a91d-7ac64c77.jpg,images/val/c122a91d-7ac64c77.jpg,labels/val/c122a91d-7ac64c77.txt,true,10,true
665,c146d100-c0e4da58.jpg,images/val/c146d100-c0e4da58.jpg,labels/val/c146d100-c0e4da58.txt,true,4,true
666,c146d100-cb76d05b.jpg,images/val/c146d100-cb76d05b.jpg,labels/val/c146d100-cb76d05b.txt,true,8,true
670,c155d65b-bf020dcb.jpg,images/val/c155d65b-bf020dcb.jpg,labels/val/c155d65b-bf020dcb.txt,true,8,true
671,c172eb28-fbd07793.jpg,images/val/c172eb28-fbd07793.jpg,labels/val/c172eb28-fbd07793.txt,true,3,true
675,c242b4b8-0dab228f.jpg,images/val/c242b4b8-0dab228f.jpg,labels/val/c242b4b8-0dab228f.txt,true,14,true
679,c385a199-0bb19524.jpg,images/val/c385a199-0bb19524.jpg,labels/val/c385a199-0bb19524.txt,true,8,true
680,c396b7c0-cf46a981.jpg,images/val/c396b7c0-cf46a981.jpg,labels/val/c396b7c0-cf46a981.txt,true,15,true
681,c399b1cb-0b569b85.jpg,images/val/c399b1cb-0b569b85.jpg,labels/val/c399b1cb-0b569b85.txt,true,6,true
683,c447f74e-f67bf173.jpg,images/val/c447f74e-f67bf173.jpg,labels/val/c447f74e-f67bf173.txt,true,29,true
684,c456e9c3-8a255f8c.jpg,images/val/c456e9c3-8a255f8c.jpg,labels/val/c456e9c3-8a255f8c.txt,true,12,true
686,c503f2e8-1780553c.jpg,images/val/c503f2e8-1780553c.jpg,labels/val/c503f2e8-1780553c.txt,true,10,true
687,c553c602-a2d33a0c.jpg,images/val/c553c602-a2d33a0c.jpg,labels/val/c553c602-a2d33a0c.txt,true,8,true
689,c573ac02-6c5f037e.jpg,images/val/c573ac02-6c5f037e.jpg,labels/val/c573ac02-6c5f037e.txt,true,20,true
690,c576ccff-0a51ae4b.jpg,images/val/c576ccff-0a51ae4b.jpg,labels/val/c576ccff-0a51ae4b.txt,true,8,true
691,c595cb01-89718083.jpg,images/val/c595cb01-89718083.jpg,labels/val/c595cb01-89718083.txt,true,7,true
696,c0697e71-ba9f6c4f.jpg,images/val/c0697e71-ba9f6c4f.jpg,labels/val/c0697e71-ba9f6c4f.txt,true,12,true
697,c709b82a-a5ff98a2.jpg,images/val/c709b82a-a5ff98a2.jpg,labels/val/c709b82a-a5ff98a2.txt,true,17,true
698,c723ad21-efed33e5.jpg,images/val/c723ad21-efed33e5.jpg,labels/val/c723ad21-efed33e5.txt,true,3,true
699,c734eb0a-9d6807cb.jpg,images/val/c734eb0a-9d6807cb.jpg,labels/val/c734eb0a-9d6807cb.txt,true,6,true
700,c734eb0a-125bba62.jpg,images/val/c734eb0a-125bba62.jpg,labels/val/c734eb0a-125bba62.txt,true,10,true
702,c776d10b-25177c93.jpg,images/val/c776d10b-25177c93.jpg,labels/val/c776d10b-25177c93.txt,true,7,true
703,c776d10b-15486206.jpg,images/val/c776d10b-15486206.jpg,labels/val/c776d10b-15486206.txt,true,9,true
705,c776d10b-ea20be3a.jpg,images/val/c776d10b-ea20be3a.jpg,labels/val/c776d10b-ea20be3a.txt,true,10,true
706,c872e1b7-d443b346.jpg,images/val/c872e1b7-d443b346.jpg,labels/val/c872e1b7-d443b346.txt,true,9,true
707,c876a58b-97c4d16e.jpg,images/val/c876a58b-97c4d16e.jpg,labels/val/c876a58b-97c4d16e.txt,true,8,true
708,c877c1e3-b9b26376.jpg,images/val/c877c1e3-b9b26376.jpg,labels/val/c877c1e3-b9b26376.txt,true,21,true
710,c897cc2b-4104fbc7.jpg,images/val/c897cc2b-4104fbc7.jpg,labels/val/c897cc2b-4104fbc7.txt,true,8,true
714,c1428d85-1e1afff5.jpg,images/val/c1428d85-1e1afff5.jpg,labels/val/c1428d85-1e1afff5.txt,true,4,true
715,c1715aef-9c4e4c40.jpg,images/val/c1715aef-9c4e4c40.jpg,labels/val/c1715aef-9c4e4c40.txt,true,4,true
717,c2186a76-6757a4be.jpg,images/val/c2186a76-6757a4be.jpg,labels/val/c2186a76-6757a4be.txt,true,10,true
718,c2341eec-16d212b8.jpg,images/val/c2341eec-16d212b8.jpg,labels/val/c2341eec-16d212b8.txt,true,10,true
719,c03936ec-8a87395f.jpg,images/val/c03936ec-8a87395f.jpg,labels/val/c03936ec-8a87395f.txt,true,11,true
720,c5584f14-7fcc4797.jpg,images/val/c5584f14-7fcc4797.jpg,labels/val/c5584f14-7fcc4797.txt,true,4,true
721,c6013f78-376051fb.jpg,images/val/c6013f78-376051fb.jpg,labels/val/c6013f78-376051fb.txt,true,5,true
723,c6716c49-8a602ea6.jpg,images/val/c6716c49-8a602ea6.jpg,labels/val/c6716c49-8a602ea6.txt,true,11,true
725,c6874e8e-439ea4de.jpg,images/val/c6874e8e-439ea4de.jpg,labels/val/c6874e8e-439ea4de.txt,true,20,true
726,c6959e96-6c064011.jpg,images/val/c6959e96-6c064011.jpg,labels/val/c6959e96-6c064011.txt,true,7,true
728,c07733d0-6b75a5ee.jpg,images/val/c07733d0-6b75a5ee.jpg,labels/val/c07733d0-6b75a5ee.txt,true,7,true
730,c07733d0-8445e6b8.jpg,images/val/c07733d0-8445e6b8.jpg,labels/val/c07733d0-8445e6b8.txt,true,8,true
731,c8638ebb-5dc7483b.jpg,images/val/c8638ebb-5dc7483b.jpg,labels/val/c8638ebb-5dc7483b.txt,true,15,true
732,c8650e15-38bef9dc.jpg,images/val/c8650e15-38bef9dc.jpg,labels/val/c8650e15-38bef9dc.txt,true,10,true
736,c9240f77-37f30fb5.jpg,images/val/c9240f77-37f30fb5.jpg,labels/val/c9240f77-37f30fb5.txt,true,27,true
737,c9240f77-988f083f.jpg,images/val/c9240f77-988f083f.jpg,labels/val/c9240f77-988f083f.txt,true,10,true
739,c9552b40-ae7bc148.jpg,images/val/c9552b40-ae7bc148.jpg,labels/val/c9552b40-ae7bc148.txt,true,26,true
742,c23551ce-34508f75.jpg,images/val/c23551ce-34508f75.jpg,labels/val/c23551ce-34508f75.txt,true,5,true
745,c37382d8-010bbe82.jpg,images/val/c37382d8-010bbe82.jpg,labels/val/c37382d8-010bbe82.txt,true,9,true
746,c37884fa-ef0b1d8e.jpg,images/val/c37884fa-ef0b1d8e.jpg,labels/val/c37884fa-ef0b1d8e.txt,true,10,true
747,c41585dc-6fe06ca1.jpg,images/val/c41585dc-6fe06ca1.jpg,labels/val/c41585dc-6fe06ca1.txt,true,10,true
749,c56915dc-1eb8abe1.jpg,images/val/c56915dc-1eb8abe1.jpg,labels/val/c56915dc-1eb8abe1.txt,true,6,true
750,c71936fa-e8370814.jpg,images/val/c71936fa-e8370814.jpg,labels/val/c71936fa-e8370814.txt,true,10,true
754,c85416bd-b4812a0c.jpg,images/val/c85416bd-b4812a0c.jpg,labels/val/c85416bd-b4812a0c.txt,true,26,true
756,c92046a2-2f8e5345.jpg,images/val/c92046a2-2f8e5345.jpg,labels/val/c92046a2-2f8e5345.txt,true,16,true
757,c0350481-340b9ea4.jpg,images/val/c0350481-340b9ea4.jpg,labels/val/c0350481-340b9ea4.txt,true,16,true
758,c359556b-77ced0e9.jpg,images/val/c359556b-77ced0e9.jpg,labels/val/c359556b-77ced0e9.txt,true,8,true
760,c427410f-aec7f6a9.jpg,images/val/c427410f-aec7f6a9.jpg,labels/val/c427410f-aec7f6a9.txt,true,16,true
761,c0677163-39c6f234.jpg,images/val/c0677163-39c6f234.jpg,labels/val/c0677163-39c6f234.txt,true,20,true
762,c0677163-55a2f724.jpg,images/val/c0677163-55a2f724.jpg,labels/val/c0677163-55a2f724.txt,true,17,true
763,c0677163-89d37846.jpg,images/val/c0677163-89d37846.jpg,labels/val/c0677163-89d37846.txt,true,13,true
765,c0677163-69842abb.jpg,images/val/c0677163-69842abb.jpg,labels/val/c0677163-69842abb.txt,true,10,true
767,c0677163-b0154931.jpg,images/val/c0677163-b0154931.jpg,labels/val/c0677163-b0154931.txt,true,8,true
770,c698371e-9c81ea92.jpg,images/val/c698371e-9c81ea92.jpg,labels/val/c698371e-9c81ea92.txt,true,8,true
772,c700966a-608d05b4.jpg,images/val/c700966a-608d05b4.jpg,labels/val/c700966a-608d05b4.txt,true,2,true
774,c895041f-b2d189ed.jpg,images/val/c895041f-b2d189ed.jpg,labels/val/c895041f-b2d189ed.txt,true,2,true
775,c917201f-5bbb8087.jpg,images/val/c917201f-5bbb8087.jpg,labels/val/c917201f-5bbb8087.txt,true,8,true
777,c962949b-dddd40b2.jpg,images/val/c962949b-dddd40b2.jpg,labels/val/c962949b-dddd40b2.txt,true,2,true
778,c993615f-20359e85.jpg,images/val/c993615f-20359e85.jpg,labels/val/c993615f-20359e85.txt,true,20,true
780,c3009124-6a11b9b0.jpg,images/val/c3009124-6a11b9b0.jpg,labels/val/c3009124-6a11b9b0.txt,true,6,true
784,c4436054-c0d83d61.jpg,images/val/c4436054-c0d83d61.jpg,labels/val/c4436054-c0d83d61.txt,true,31,true
786,c5434464-5dcb3bd7.jpg,images/val/c5434464-5dcb3bd7.jpg,labels/val/c5434464-5dcb3bd7.txt,true,8,true
787,c5530340-6ca6f8bc.jpg,images/val/c5530340-6ca6f8bc.jpg,labels/val/c5530340-6ca6f8bc.txt,true,18,true
788,c5617574-cca98859.jpg,images/val/c5617574-cca98859.jpg,labels/val/c5617574-cca98859.txt,true,4,true
789,c7513860-d293b768.jpg,images/val/c7513860-d293b768.jpg,labels/val/c7513860-d293b768.txt,true,14,true
790,c9403737-33cab241.jpg,images/val/c9403737-33cab241.jpg,labels/val/c9403737-33cab241.txt,true,8,true
792,ca0b4ef4-effd52f4.jpg,images/val/ca0b4ef4-effd52f4.jpg,labels/val/ca0b4ef4-effd52f4.txt,true,17,true
793,ca1c6003-aad4464c.jpg,images/val/ca1c6003-aad4464c.jpg,labels/val/ca1c6003-aad4464c.txt,true,9,true
794,ca3bbb0a-cd13da9e.jpg,images/val/ca3bbb0a-cd13da9e.jpg,labels/val/ca3bbb0a-cd13da9e.txt,true,14,true
797,ca656c47-876ad414.jpg,images/val/ca656c47-876ad414.jpg,labels/val/ca656c47-876ad414.txt,true,21,true
799,ca146661-7f70d0c4.jpg,images/val/ca146661-7f70d0c4.jpg,labels/val/ca146661-7f70d0c4.txt,true,18,true
