candidate_index,image_name,relative_image_path,relative_label_path,label_exists,vehicle_count
1,b1c66a42-6f7d68ca.jpg,images/val/b1c66a42-6f7d68ca.jpg,labels/val/b1c66a42-6f7d68ca.txt,true,20
2,b1d7b3ac-5af8623b.jpg,images/val/b1d7b3ac-5af8623b.jpg,labels/val/b1d7b3ac-5af8623b.txt,true,9
3,b1d7b3ac-5744370e.jpg,images/val/b1d7b3ac-5744370e.jpg,labels/val/b1d7b3ac-5744370e.txt,true,3
4,b1df722f-57d21f3f.jpg,images/val/b1df722f-57d21f3f.jpg,labels/val/b1df722f-57d21f3f.txt,true,11
5,b1e8ad72-c3c79240.jpg,images/val/b1e8ad72-c3c79240.jpg,labels/val/b1e8ad72-c3c79240.txt,true,7
6,b1f022d3-45162c67.jpg,images/val/b1f022d3-45162c67.jpg,labels/val/b1f022d3-45162c67.txt,true,7
7,b1f4491b-846d8cb2.jpg,images/val/b1f4491b-846d8cb2.jpg,labels/val/b1f4491b-846d8cb2.txt,true,4
8,b1f4491b-09593e90.jpg,images/val/b1f4491b-09593e90.jpg,labels/val/b1f4491b-09593e90.txt,true,4
9,b1f4491b-bf7d513f.jpg,images/val/b1f4491b-bf7d513f.jpg,labels/val/b1f4491b-bf7d513f.txt,true,6
10,b1f4491b-d8d1459c.jpg,images/val/b1f4491b-d8d1459c.jpg,labels/val/b1f4491b-d8d1459c.txt,true,4
11,b1f85377-44885085.jpg,images/val/b1f85377-44885085.jpg,labels/val/b1f85377-44885085.txt,true,8
12,b2b32394-e46669cb.jpg,images/val/b2b32394-e46669cb.jpg,labels/val/b2b32394-e46669cb.txt,true,13
13,b3a1e72b-1f4b129d.jpg,images/val/b3a1e72b-1f4b129d.jpg,labels/val/b3a1e72b-1f4b129d.txt,true,8
14,b3a3d166-3a6a258d.jpg,images/val/b3a3d166-3a6a258d.jpg,labels/val/b3a3d166-3a6a258d.txt,true,4
15,b3aacff1-967c15c1.jpg,images/val/b3aacff1-967c15c1.jpg,labels/val/b3aacff1-967c15c1.txt,true,17
16,b3ae7668-c78f47c8.jpg,images/val/b3ae7668-c78f47c8.jpg,labels/val/b3ae7668-c78f47c8.txt,true,10
17,b3b64b42-403091d9.jpg,images/val/b3b64b42-403091d9.jpg,labels/val/b3b64b42-403091d9.txt,true,11
18,b3c939e3-61fb6427.jpg,images/val/b3c939e3-61fb6427.jpg,labels/val/b3c939e3-61fb6427.txt,true,9
19,b3d264b3-fbaef5ac.jpg,images/val/b3d264b3-fbaef5ac.jpg,labels/val/b3d264b3-fbaef5ac.txt,true,8
20,b3e0345b-20d013f8.jpg,images/val/b3e0345b-20d013f8.jpg,labels/val/b3e0345b-20d013f8.txt,true,11
21,b3e0345b-69069f01.jpg,images/val/b3e0345b-69069f01.jpg,labels/val/b3e0345b-69069f01.txt,true,8
22,b3eafc22-1064ce9e.jpg,images/val/b3eafc22-1064ce9e.jpg,labels/val/b3eafc22-1064ce9e.txt,true,10
23,b3f0cdab-d5954c9a.jpg,images/val/b3f0cdab-d5954c9a.jpg,labels/val/b3f0cdab-d5954c9a.txt,true,14
24,b4aa2f44-023fb7df.jpg,images/val/b4aa2f44-023fb7df.jpg,labels/val/b4aa2f44-023fb7df.txt,true,8
25,b4b07c88-3e6d65a0.jpg,images/val/b4b07c88-3e6d65a0.jpg,labels/val/b4b07c88-3e6d65a0.txt,true,13
26,b4b07c88-e71768f1.jpg,images/val/b4b07c88-e71768f1.jpg,labels/val/b4b07c88-e71768f1.txt,true,14
27,b4b581ea-93722c60.jpg,images/val/b4b581ea-93722c60.jpg,labels/val/b4b581ea-93722c60.txt,true,2
28,b4c89ab1-5c72cd7d.jpg,images/val/b4c89ab1-5c72cd7d.jpg,labels/val/b4c89ab1-5c72cd7d.txt,true,17
29,b4d18d1a-193e24a1.jpg,images/val/b4d18d1a-193e24a1.jpg,labels/val/b4d18d1a-193e24a1.txt,true,12
30,b4dff9f4-bcac8fae.jpg,images/val/b4dff9f4-bcac8fae.jpg,labels/val/b4dff9f4-bcac8fae.txt,true,13
31,b4e3e68f-3aa63f29.jpg,images/val/b4e3e68f-3aa63f29.jpg,labels/val/b4e3e68f-3aa63f29.txt,true,7
32,b4ec8b36-e81e510a.jpg,images/val/b4ec8b36-e81e510a.jpg,labels/val/b4ec8b36-e81e510a.txt,true,11
33,b4ecb933-08326feb.jpg,images/val/b4ecb933-08326feb.jpg,labels/val/b4ecb933-08326feb.txt,true,18
34,b4f1500e-901fb4e6.jpg,images/val/b4f1500e-901fb4e6.jpg,labels/val/b4f1500e-901fb4e6.txt,true,23
35,b5ac257d-5a34b3fa.jpg,images/val/b5ac257d-5a34b3fa.jpg,labels/val/b5ac257d-5a34b3fa.txt,true,12
36,b5b256fd-0c2be0a6.jpg,images/val/b5b256fd-0c2be0a6.jpg,labels/val/b5b256fd-0c2be0a6.txt,true,2
37,b5be77ad-b861ba83.jpg,images/val/b5be77ad-b861ba83.jpg,labels/val/b5be77ad-b861ba83.txt,true,12
38,b5cf8afa-b54535d2.jpg,images/val/b5cf8afa-b54535d2.jpg,labels/val/b5cf8afa-b54535d2.txt,true,9
39,b5d9531f-48222cf3.jpg,images/val/b5d9531f-48222cf3.jpg,labels/val/b5d9531f-48222cf3.txt,true,8
40,b5e6efc0-ac69d492.jpg,images/val/b5e6efc0-ac69d492.jpg,labels/val/b5e6efc0-ac69d492.txt,true,24
41,b5f057ab-791ac474.jpg,images/val/b5f057ab-791ac474.jpg,labels/val/b5f057ab-791ac474.txt,true,21
42,b5fa32f1-4e9c7d32.jpg,images/val/b5fa32f1-4e9c7d32.jpg,labels/val/b5fa32f1-4e9c7d32.txt,true,16
43,b5fc1373-94aaab40.jpg,images/val/b5fc1373-94aaab40.jpg,labels/val/b5fc1373-94aaab40.txt,true,15
44,b6afe56b-ec85d002.jpg,images/val/b6afe56b-ec85d002.jpg,labels/val/b6afe56b-ec85d002.txt,true,12
45,b6b6fd86-ab4d10f6.jpg,images/val/b6b6fd86-ab4d10f6.jpg,labels/val/b6b6fd86-ab4d10f6.txt,true,10
46,b6ca7400-0ed0dc64.jpg,images/val/b6ca7400-0ed0dc64.jpg,labels/val/b6ca7400-0ed0dc64.txt,true,18
47,b6cad0b4-56d2e2d9.jpg,images/val/b6cad0b4-56d2e2d9.jpg,labels/val/b6cad0b4-56d2e2d9.txt,true,3
48,b6d0b46a-ec482777.jpg,images/val/b6d0b46a-ec482777.jpg,labels/val/b6d0b46a-ec482777.txt,true,19
49,b6d6e4f6-cc416656.jpg,images/val/b6d6e4f6-cc416656.jpg,labels/val/b6d6e4f6-cc416656.txt,true,19
50,b6f40904-693d5d3d.jpg,images/val/b6f40904-693d5d3d.jpg,labels/val/b6f40904-693d5d3d.txt,true,16
51,b7a8e795-0ff55db2.jpg,images/val/b7a8e795-0ff55db2.jpg,labels/val/b7a8e795-0ff55db2.txt,true,8
52,b7a8e795-056b3c79.jpg,images/val/b7a8e795-056b3c79.jpg,labels/val/b7a8e795-056b3c79.txt,true,18
53,b7a9b166-341c551a.jpg,images/val/b7a9b166-341c551a.jpg,labels/val/b7a9b166-341c551a.txt,true,8
54,b7abfbea-3067ba7b.jpg,images/val/b7abfbea-3067ba7b.jpg,labels/val/b7abfbea-3067ba7b.txt,true,16
55,b7ad967b-5ffacb53.jpg,images/val/b7ad967b-5ffacb53.jpg,labels/val/b7ad967b-5ffacb53.txt,true,3
56,b7b1f657-c3290194.jpg,images/val/b7b1f657-c3290194.jpg,labels/val/b7b1f657-c3290194.txt,true,13
57,b7b7c088-2fda29df.jpg,images/val/b7b7c088-2fda29df.jpg,labels/val/b7b7c088-2fda29df.txt,true,3
58,b7b7c088-13945e4c.jpg,images/val/b7b7c088-13945e4c.jpg,labels/val/b7b7c088-13945e4c.txt,true,2
59,b7b1242b-3c255af6.jpg,images/val/b7b1242b-3c255af6.jpg,labels/val/b7b1242b-3c255af6.txt,true,3
60,b7ba9ad7-f89df072.jpg,images/val/b7ba9ad7-f89df072.jpg,labels/val/b7ba9ad7-f89df072.txt,true,8
61,b7bb0d6e-87e194fd.jpg,images/val/b7bb0d6e-87e194fd.jpg,labels/val/b7bb0d6e-87e194fd.txt,true,5
62,b7bb0d6e-552b4dd9.jpg,images/val/b7bb0d6e-552b4dd9.jpg,labels/val/b7bb0d6e-552b4dd9.txt,true,3
63,b7bb0d6e-1922b34d.jpg,images/val/b7bb0d6e-1922b34d.jpg,labels/val/b7bb0d6e-1922b34d.txt,true,7
64,b7bb0d6e-b018e560.jpg,images/val/b7bb0d6e-b018e560.jpg,labels/val/b7bb0d6e-b018e560.txt,true,4
65,b7d7713a-a58eef67.jpg,images/val/b7d7713a-a58eef67.jpg,labels/val/b7d7713a-a58eef67.txt,true,4
66,b7db31d1-188d4a34.jpg,images/val/b7db31d1-188d4a34.jpg,labels/val/b7db31d1-188d4a34.txt,true,21
67,b7db31d1-fa13a84a.jpg,images/val/b7db31d1-fa13a84a.jpg,labels/val/b7db31d1-fa13a84a.txt,true,18
68,b7e347d4-8ab9f4b5.jpg,images/val/b7e347d4-8ab9f4b5.jpg,labels/val/b7e347d4-8ab9f4b5.txt,true,12
69,b7eb7b11-2ba05f4f.jpg,images/val/b7eb7b11-2ba05f4f.jpg,labels/val/b7eb7b11-2ba05f4f.txt,true,31
70,b7edcfdc-f018989f.jpg,images/val/b7edcfdc-f018989f.jpg,labels/val/b7edcfdc-f018989f.txt,true,5
71,b7f75fad-1c1c419b.jpg,images/val/b7f75fad-1c1c419b.jpg,labels/val/b7f75fad-1c1c419b.txt,true,5
72,b7f452e4-1e8b6f3a.jpg,images/val/b7f452e4-1e8b6f3a.jpg,labels/val/b7f452e4-1e8b6f3a.txt,true,5
73,b7fd3f86-ba8bf79c.jpg,images/val/b7fd3f86-ba8bf79c.jpg,labels/val/b7fd3f86-ba8bf79c.txt,true,14
74,b8b2be1e-4c0bf0b9.jpg,images/val/b8b2be1e-4c0bf0b9.jpg,labels/val/b8b2be1e-4c0bf0b9.txt,true,10
75,b8c0d4a5-63b97dfb.jpg,images/val/b8c0d4a5-63b97dfb.jpg,labels/val/b8c0d4a5-63b97dfb.txt,true,2
76,b8c7c957-84df8251.jpg,images/val/b8c7c957-84df8251.jpg,labels/val/b8c7c957-84df8251.txt,true,9
77,b8cca913-a59e1a1b.jpg,images/val/b8cca913-a59e1a1b.jpg,labels/val/b8cca913-a59e1a1b.txt,true,3
78,b8cd6a1b-8abed2d8.jpg,images/val/b8cd6a1b-8abed2d8.jpg,labels/val/b8cd6a1b-8abed2d8.txt,true,5
79,b8da2353-61f13dfb.jpg,images/val/b8da2353-61f13dfb.jpg,labels/val/b8da2353-61f13dfb.txt,true,5
80,b8e06f7a-f11a9604.jpg,images/val/b8e06f7a-f11a9604.jpg,labels/val/b8e06f7a-f11a9604.txt,true,9
81,b8ef1613-c936238e.jpg,images/val/b8ef1613-c936238e.jpg,labels/val/b8ef1613-c936238e.txt,true,13
82,b8f65e48-10600b5e.jpg,images/val/b8f65e48-10600b5e.jpg,labels/val/b8f65e48-10600b5e.txt,true,15
83,b9d24e81-a9679e2a.jpg,images/val/b9d24e81-a9679e2a.jpg,labels/val/b9d24e81-a9679e2a.txt,true,15
84,b9e4cb3d-98ed4484.jpg,images/val/b9e4cb3d-98ed4484.jpg,labels/val/b9e4cb3d-98ed4484.txt,true,7
85,b9e91422-2d610458.jpg,images/val/b9e91422-2d610458.jpg,labels/val/b9e91422-2d610458.txt,true,3
86,b9fc97df-397f8a5d.jpg,images/val/b9fc97df-397f8a5d.jpg,labels/val/b9fc97df-397f8a5d.txt,true,23
87,b20d494a-cdebe83e.jpg,images/val/b20d494a-cdebe83e.jpg,labels/val/b20d494a-cdebe83e.txt,true,4
88,b24d283f-33783d1b.jpg,images/val/b24d283f-33783d1b.jpg,labels/val/b24d283f-33783d1b.txt,true,15
89,b25fb716-78d8d49b.jpg,images/val/b25fb716-78d8d49b.jpg,labels/val/b25fb716-78d8d49b.txt,true,14
90,b27cd403-d7616bfa.jpg,images/val/b27cd403-d7616bfa.jpg,labels/val/b27cd403-d7616bfa.txt,true,22
91,b27cd403-f2d087cc.jpg,images/val/b27cd403-f2d087cc.jpg,labels/val/b27cd403-f2d087cc.txt,true,22
92,b28cb5d3-2cf728ac.jpg,images/val/b28cb5d3-2cf728ac.jpg,labels/val/b28cb5d3-2cf728ac.txt,true,2
93,b30af183-e9209104.jpg,images/val/b30af183-e9209104.jpg,labels/val/b30af183-e9209104.txt,true,13
94,b35dac08-396cde53.jpg,images/val/b35dac08-396cde53.jpg,labels/val/b35dac08-396cde53.txt,true,10
95,b35f4a74-bd3dd74f.jpg,images/val/b35f4a74-bd3dd74f.jpg,labels/val/b35f4a74-bd3dd74f.txt,true,7
96,b36de7af-887696f9.jpg,images/val/b36de7af-887696f9.jpg,labels/val/b36de7af-887696f9.txt,true,3
97,b36de7af-ca137216.jpg,images/val/b36de7af-ca137216.jpg,labels/val/b36de7af-ca137216.txt,true,17
98,b37cacf7-0d3ce003.jpg,images/val/b37cacf7-0d3ce003.jpg,labels/val/b37cacf7-0d3ce003.txt,true,13
99,b38b2b6a-77f9d5e5.jpg,images/val/b38b2b6a-77f9d5e5.jpg,labels/val/b38b2b6a-77f9d5e5.txt,true,11
100,b38fb69e-5f5f73ae.jpg,images/val/b38fb69e-5f5f73ae.jpg,labels/val/b38fb69e-5f5f73ae.txt,true,4
101,b41b3454-e034bb74.jpg,images/val/b41b3454-e034bb74.jpg,labels/val/b41b3454-e034bb74.txt,true,13
102,b42df626-73f78ba9.jpg,images/val/b42df626-73f78ba9.jpg,labels/val/b42df626-73f78ba9.txt,true,10
103,b42df626-bee4420b.jpg,images/val/b42df626-bee4420b.jpg,labels/val/b42df626-bee4420b.txt,true,4
104,b42df626-e358ca4a.jpg,images/val/b42df626-e358ca4a.jpg,labels/val/b42df626-e358ca4a.txt,true,6
105,b42fdaf1-0925c561.jpg,images/val/b42fdaf1-0925c561.jpg,labels/val/b42fdaf1-0925c561.txt,true,2
106,b44bcbbe-e980e271.jpg,images/val/b44bcbbe-e980e271.jpg,labels/val/b44bcbbe-e980e271.txt,true,13
107,b48fc70b-2ca6ed01.jpg,images/val/b48fc70b-2ca6ed01.jpg,labels/val/b48fc70b-2ca6ed01.txt,true,6
108,b49a272b-c52895c3.jpg,images/val/b49a272b-c52895c3.jpg,labels/val/b49a272b-c52895c3.txt,true,4
109,b50e6154-4aace8a1.jpg,images/val/b50e6154-4aace8a1.jpg,labels/val/b50e6154-4aace8a1.txt,true,10
110,b52e49e5-d1e36124.jpg,images/val/b52e49e5-d1e36124.jpg,labels/val/b52e49e5-d1e36124.txt,true,22
111,b56c225e-a7a78ad7.jpg,images/val/b56c225e-a7a78ad7.jpg,labels/val/b56c225e-a7a78ad7.txt,true,17
112,b56c225e-a71598cd.jpg,images/val/b56c225e-a71598cd.jpg,labels/val/b56c225e-a71598cd.txt,true,6
113,b57a2edf-60fd75be.jpg,images/val/b57a2edf-60fd75be.jpg,labels/val/b57a2edf-60fd75be.txt,true,5
114,b57a2edf-71efe713.jpg,images/val/b57a2edf-71efe713.jpg,labels/val/b57a2edf-71efe713.txt,true,5
115,b57a2edf-402297bc.jpg,images/val/b57a2edf-402297bc.jpg,labels/val/b57a2edf-402297bc.txt,true,13
116,b57b9ee8-3e089c95.jpg,images/val/b57b9ee8-3e089c95.jpg,labels/val/b57b9ee8-3e089c95.txt,true,7
117,b60db8b3-7cb88369.jpg,images/val/b60db8b3-7cb88369.jpg,labels/val/b60db8b3-7cb88369.txt,true,13
118,b61aec41-7b16e55c.jpg,images/val/b61aec41-7b16e55c.jpg,labels/val/b61aec41-7b16e55c.txt,true,17
119,b69fc2ae-156d58aa.jpg,images/val/b69fc2ae-156d58aa.jpg,labels/val/b69fc2ae-156d58aa.txt,true,9
120,b70d1e4a-467d8c58.jpg,images/val/b70d1e4a-467d8c58.jpg,labels/val/b70d1e4a-467d8c58.txt,true,7
121,b71bb4df-b9837e9c.jpg,images/val/b71bb4df-b9837e9c.jpg,labels/val/b71bb4df-b9837e9c.txt,true,7
122,b72b3974-552bb7d7.jpg,images/val/b72b3974-552bb7d7.jpg,labels/val/b72b3974-552bb7d7.txt,true,20
123,b74f9c57-90451f20.jpg,images/val/b74f9c57-90451f20.jpg,labels/val/b74f9c57-90451f20.txt,true,20
124,b79c1f8d-87a1881a.jpg,images/val/b79c1f8d-87a1881a.jpg,labels/val/b79c1f8d-87a1881a.txt,true,6
125,b79c1f8d-8409e845.jpg,images/val/b79c1f8d-8409e845.jpg,labels/val/b79c1f8d-8409e845.txt,true,10
126,b82e22f1-40b5aa11.jpg,images/val/b82e22f1-40b5aa11.jpg,labels/val/b82e22f1-40b5aa11.txt,true,14
127,b84a1117-72c360e2.jpg,images/val/b84a1117-72c360e2.jpg,labels/val/b84a1117-72c360e2.txt,true,7
128,b87fe215-0f7b05e0.jpg,images/val/b87fe215-0f7b05e0.jpg,labels/val/b87fe215-0f7b05e0.txt,true,8
129,b92c7b7c-af420847.jpg,images/val/b92c7b7c-af420847.jpg,labels/val/b92c7b7c-af420847.txt,true,20
130,b93e0d1b-5e1e35f8.jpg,images/val/b93e0d1b-5e1e35f8.jpg,labels/val/b93e0d1b-5e1e35f8.txt,true,14
131,b93e2268-4b277928.jpg,images/val/b93e2268-4b277928.jpg,labels/val/b93e2268-4b277928.txt,true,11
132,b93e2268-394c7031.jpg,images/val/b93e2268-394c7031.jpg,labels/val/b93e2268-394c7031.txt,true,18
133,b93e2268-2106a029.jpg,images/val/b93e2268-2106a029.jpg,labels/val/b93e2268-2106a029.txt,true,4
134,b94daedc-7045933e.jpg,images/val/b94daedc-7045933e.jpg,labels/val/b94daedc-7045933e.txt,true,7
135,b97b9ee8-0dfbbe35.jpg,images/val/b97b9ee8-0dfbbe35.jpg,labels/val/b97b9ee8-0dfbbe35.txt,true,3
136,b98eabcc-573dccd2.jpg,images/val/b98eabcc-573dccd2.jpg,labels/val/b98eabcc-573dccd2.txt,true,6
137,b232c7c9-d251d9ee.jpg,images/val/b232c7c9-d251d9ee.jpg,labels/val/b232c7c9-d251d9ee.txt,true,22
138,b289f2e8-cec8700d.jpg,images/val/b289f2e8-cec8700d.jpg,labels/val/b289f2e8-cec8700d.txt,true,21
139,b291cfd6-a46efbcc.jpg,images/val/b291cfd6-a46efbcc.jpg,labels/val/b291cfd6-a46efbcc.txt,true,2
140,b291cfd6-ff98ba56.jpg,images/val/b291cfd6-ff98ba56.jpg,labels/val/b291cfd6-ff98ba56.txt,true,12
141,b321c6b6-ab603d42.jpg,images/val/b321c6b6-ab603d42.jpg,labels/val/b321c6b6-ab603d42.txt,true,8
142,b325fe35-b59e4e91.jpg,images/val/b325fe35-b59e4e91.jpg,labels/val/b325fe35-b59e4e91.txt,true,14
143,b368ee71-cf27b7fa.jpg,images/val/b368ee71-cf27b7fa.jpg,labels/val/b368ee71-cf27b7fa.txt,true,10
144,b378e452-c639ce0f.jpg,images/val/b378e452-c639ce0f.jpg,labels/val/b378e452-c639ce0f.txt,true,23
145,b398e0fb-257cf424.jpg,images/val/b398e0fb-257cf424.jpg,labels/val/b398e0fb-257cf424.txt,true,12
146,b483a180-56a9db7c.jpg,images/val/b483a180-56a9db7c.jpg,labels/val/b483a180-56a9db7c.txt,true,17
147,b565d4cc-2e6cb390.jpg,images/val/b565d4cc-2e6cb390.jpg,labels/val/b565d4cc-2e6cb390.txt,true,4
148,b570f833-3bd87d01.jpg,images/val/b570f833-3bd87d01.jpg,labels/val/b570f833-3bd87d01.txt,true,11
149,b724e1f0-cffecdc5.jpg,images/val/b724e1f0-cffecdc5.jpg,labels/val/b724e1f0-cffecdc5.txt,true,10
150,b729d050-af382d96.jpg,images/val/b729d050-af382d96.jpg,labels/val/b729d050-af382d96.txt,true,13
151,b733b13d-e5dccc44.jpg,images/val/b733b13d-e5dccc44.jpg,labels/val/b733b13d-e5dccc44.txt,true,13
152,b736c477-ce5093ac.jpg,images/val/b736c477-ce5093ac.jpg,labels/val/b736c477-ce5093ac.txt,true,6
153,b769f2fa-9be9a666.jpg,images/val/b769f2fa-9be9a666.jpg,labels/val/b769f2fa-9be9a666.txt,true,13
154,b769f2fa-867bf3b3.jpg,images/val/b769f2fa-867bf3b3.jpg,labels/val/b769f2fa-867bf3b3.txt,true,10
155,b769f2fa-026548da.jpg,images/val/b769f2fa-026548da.jpg,labels/val/b769f2fa-026548da.txt,true,10
156,b769f2fa-9473432d.jpg,images/val/b769f2fa-9473432d.jpg,labels/val/b769f2fa-9473432d.txt,true,5
157,b769f2fa-ac5f60c7.jpg,images/val/b769f2fa-ac5f60c7.jpg,labels/val/b769f2fa-ac5f60c7.txt,true,8
158,b788c509-56f6a40a.jpg,images/val/b788c509-56f6a40a.jpg,labels/val/b788c509-56f6a40a.txt,true,8
159,b843ef1b-2756a85d.jpg,images/val/b843ef1b-2756a85d.jpg,labels/val/b843ef1b-2756a85d.txt,true,7
160,b843ef1b-f173bd21.jpg,images/val/b843ef1b-f173bd21.jpg,labels/val/b843ef1b-f173bd21.txt,true,11
161,b875ad93-deec14af.jpg,images/val/b875ad93-deec14af.jpg,labels/val/b875ad93-deec14af.txt,true,12
162,b875ad93-f21a6d0a.jpg,images/val/b875ad93-f21a6d0a.jpg,labels/val/b875ad93-f21a6d0a.txt,true,8
163,b888e048-8018b284.jpg,images/val/b888e048-8018b284.jpg,labels/val/b888e048-8018b284.txt,true,26
164,b953efc6-455bdde1.jpg,images/val/b953efc6-455bdde1.jpg,labels/val/b953efc6-455bdde1.txt,true,10
165,b953efc6-f40d4290.jpg,images/val/b953efc6-f40d4290.jpg,labels/val/b953efc6-f40d4290.txt,true,12
166,b981c36d-a66bb611.jpg,images/val/b981c36d-a66bb611.jpg,labels/val/b981c36d-a66bb611.txt,true,12
167,b999b5f5-38c7b100.jpg,images/val/b999b5f5-38c7b100.jpg,labels/val/b999b5f5-38c7b100.txt,true,19
168,b2331b83-a28e6b57.jpg,images/val/b2331b83-a28e6b57.jpg,labels/val/b2331b83-a28e6b57.txt,true,12
169,b2576c8c-2de20b8a.jpg,images/val/b2576c8c-2de20b8a.jpg,labels/val/b2576c8c-2de20b8a.txt,true,21
170,b3479da9-2d5165c5.jpg,images/val/b3479da9-2d5165c5.jpg,labels/val/b3479da9-2d5165c5.txt,true,20
171,b3967d1b-0088ba4e.jpg,images/val/b3967d1b-0088ba4e.jpg,labels/val/b3967d1b-0088ba4e.txt,true,7
172,b4278d1f-3a128041.jpg,images/val/b4278d1f-3a128041.jpg,labels/val/b4278d1f-3a128041.txt,true,2
173,b4278d1f-dbd0295c.jpg,images/val/b4278d1f-dbd0295c.jpg,labels/val/b4278d1f-dbd0295c.txt,true,4
174,b4301c7b-da5261f0.jpg,images/val/b4301c7b-da5261f0.jpg,labels/val/b4301c7b-da5261f0.txt,true,11
175,b4543c78-696f5be4.jpg,images/val/b4543c78-696f5be4.jpg,labels/val/b4543c78-696f5be4.txt,true,18
176,b4543c78-ee2e75f3.jpg,images/val/b4543c78-ee2e75f3.jpg,labels/val/b4543c78-ee2e75f3.txt,true,13
177,b5046f1e-0674657f.jpg,images/val/b5046f1e-0674657f.jpg,labels/val/b5046f1e-0674657f.txt,true,5
178,b5753b26-33163d42.jpg,images/val/b5753b26-33163d42.jpg,labels/val/b5753b26-33163d42.txt,true,22
179,b6230fb4-02138607.jpg,images/val/b6230fb4-02138607.jpg,labels/val/b6230fb4-02138607.txt,true,14
180,b6673f98-1e13354a.jpg,images/val/b6673f98-1e13354a.jpg,labels/val/b6673f98-1e13354a.txt,true,12
181,b6673f98-d6661115.jpg,images/val/b6673f98-d6661115.jpg,labels/val/b6673f98-d6661115.txt,true,12
182,b6876a74-8532d216.jpg,images/val/b6876a74-8532d216.jpg,labels/val/b6876a74-8532d216.txt,true,9
183,b7041acc-6de39959.jpg,images/val/b7041acc-6de39959.jpg,labels/val/b7041acc-6de39959.txt,true,10
184,b7064abc-4ed592fe.jpg,images/val/b7064abc-4ed592fe.jpg,labels/val/b7064abc-4ed592fe.txt,true,8
185,b7064abc-24deedb3.jpg,images/val/b7064abc-24deedb3.jpg,labels/val/b7064abc-24deedb3.txt,true,9
186,b7072ec0-3a3b64a5.jpg,images/val/b7072ec0-3a3b64a5.jpg,labels/val/b7072ec0-3a3b64a5.txt,true,7
187,b7416b8c-5b0fcd5e.jpg,images/val/b7416b8c-5b0fcd5e.jpg,labels/val/b7416b8c-5b0fcd5e.txt,true,7
188,b7559b8d-8c71431d.jpg,images/val/b7559b8d-8c71431d.jpg,labels/val/b7559b8d-8c71431d.txt,true,12
189,b7610ba3-9eabe8e3.jpg,images/val/b7610ba3-9eabe8e3.jpg,labels/val/b7610ba3-9eabe8e3.txt,true,7
190,b7719f1d-8245d9ce.jpg,images/val/b7719f1d-8245d9ce.jpg,labels/val/b7719f1d-8245d9ce.txt,true,6
191,b9047aca-41787983.jpg,images/val/b9047aca-41787983.jpg,labels/val/b9047aca-41787983.txt,true,14
192,b27688b6-1af27060.jpg,images/val/b27688b6-1af27060.jpg,labels/val/b27688b6-1af27060.txt,true,6
193,b29377e0-83e8340a.jpg,images/val/b29377e0-83e8340a.jpg,labels/val/b29377e0-83e8340a.txt,true,9
194,b39572b6-aa95db3d.jpg,images/val/b39572b6-aa95db3d.jpg,labels/val/b39572b6-aa95db3d.txt,true,10
195,b45928e6-f07ac4c9.jpg,images/val/b45928e6-f07ac4c9.jpg,labels/val/b45928e6-f07ac4c9.txt,true,11
196,b49698d7-1999d598.jpg,images/val/b49698d7-1999d598.jpg,labels/val/b49698d7-1999d598.txt,true,11
197,b57077d8-ae0b13ca.jpg,images/val/b57077d8-ae0b13ca.jpg,labels/val/b57077d8-ae0b13ca.txt,true,19
198,b59413ff-9094612f.jpg,images/val/b59413ff-9094612f.jpg,labels/val/b59413ff-9094612f.txt,true,20
199,b61459f8-ae92ce64.jpg,images/val/b61459f8-ae92ce64.jpg,labels/val/b61459f8-ae92ce64.txt,true,11
200,b62279e2-257b5cc0.jpg,images/val/b62279e2-257b5cc0.jpg,labels/val/b62279e2-257b5cc0.txt,true,6
201,b68913f1-029e9d1a.jpg,images/val/b68913f1-029e9d1a.jpg,labels/val/b68913f1-029e9d1a.txt,true,24
202,b85420e2-ea146a8a.jpg,images/val/b85420e2-ea146a8a.jpg,labels/val/b85420e2-ea146a8a.txt,true,16
203,b251064f-4696b75e.jpg,images/val/b251064f-4696b75e.jpg,labels/val/b251064f-4696b75e.txt,true,5
204,b322412a-58073611.jpg,images/val/b322412a-58073611.jpg,labels/val/b322412a-58073611.txt,true,13
205,b322412a-b47af37f.jpg,images/val/b322412a-b47af37f.jpg,labels/val/b322412a-b47af37f.txt,true,4
206,b398327e-f873cb8b.jpg,images/val/b398327e-f873cb8b.jpg,labels/val/b398327e-f873cb8b.txt,true,5
207,b534864a-d2eb867c.jpg,images/val/b534864a-d2eb867c.jpg,labels/val/b534864a-d2eb867c.txt,true,12
208,b539383c-b57307bc.jpg,images/val/b539383c-b57307bc.jpg,labels/val/b539383c-b57307bc.txt,true,15
209,b555790d-d715196b.jpg,images/val/b555790d-d715196b.jpg,labels/val/b555790d-d715196b.txt,true,30
210,b555790d-e81a454b.jpg,images/val/b555790d-e81a454b.jpg,labels/val/b555790d-e81a454b.txt,true,11
211,b555790d-ef09fa96.jpg,images/val/b555790d-ef09fa96.jpg,labels/val/b555790d-ef09fa96.txt,true,17
212,b568371d-a596d2d4.jpg,images/val/b568371d-a596d2d4.jpg,labels/val/b568371d-a596d2d4.txt,true,5
213,b780088d-0bf9e946.jpg,images/val/b780088d-0bf9e946.jpg,labels/val/b780088d-0bf9e946.txt,true,23
214,b869965a-f5ff417c.jpg,images/val/b869965a-f5ff417c.jpg,labels/val/b869965a-f5ff417c.txt,true,5
215,b869965a-fa59f431.jpg,images/val/b869965a-fa59f431.jpg,labels/val/b869965a-fa59f431.txt,true,5
216,b924005d-3e1ae14d.jpg,images/val/b924005d-3e1ae14d.jpg,labels/val/b924005d-3e1ae14d.txt,true,5
217,b2794401-ba7d3c05.jpg,images/val/b2794401-ba7d3c05.jpg,labels/val/b2794401-ba7d3c05.txt,true,4
218,b3159650-1ba75f9b.jpg,images/val/b3159650-1ba75f9b.jpg,labels/val/b3159650-1ba75f9b.txt,true,16
219,b3343231-8fe3f2e2.jpg,images/val/b3343231-8fe3f2e2.jpg,labels/val/b3343231-8fe3f2e2.txt,true,5
220,b4082905-e694720e.jpg,images/val/b4082905-e694720e.jpg,labels/val/b4082905-e694720e.txt,true,5
221,b4253085-9f907156.jpg,images/val/b4253085-9f907156.jpg,labels/val/b4253085-9f907156.txt,true,8
222,b4333743-072dae1e.jpg,images/val/b4333743-072dae1e.jpg,labels/val/b4333743-072dae1e.txt,true,5
223,b4672385-6ea18d27.jpg,images/val/b4672385-6ea18d27.jpg,labels/val/b4672385-6ea18d27.txt,true,5
224,b5042634-edf42094.jpg,images/val/b5042634-edf42094.jpg,labels/val/b5042634-edf42094.txt,true,7
225,b5191523-f5721cd1.jpg,images/val/b5191523-f5721cd1.jpg,labels/val/b5191523-f5721cd1.txt,true,5
226,b5770084-9b15155d.jpg,images/val/b5770084-9b15155d.jpg,labels/val/b5770084-9b15155d.txt,true,16
227,b5770084-83b143c9.jpg,images/val/b5770084-83b143c9.jpg,labels/val/b5770084-83b143c9.txt,true,13
228,b6219281-0695c9fd.jpg,images/val/b6219281-0695c9fd.jpg,labels/val/b6219281-0695c9fd.txt,true,12
229,b6219281-861a5ba7.jpg,images/val/b6219281-861a5ba7.jpg,labels/val/b6219281-861a5ba7.txt,true,5
230,b6606454-86d77cb2.jpg,images/val/b6606454-86d77cb2.jpg,labels/val/b6606454-86d77cb2.txt,true,2
231,b7226661-1ba4dc1a.jpg,images/val/b7226661-1ba4dc1a.jpg,labels/val/b7226661-1ba4dc1a.txt,true,15
232,b7226661-33b4c4ff.jpg,images/val/b7226661-33b4c4ff.jpg,labels/val/b7226661-33b4c4ff.txt,true,10
233,b7457987-72d06293.jpg,images/val/b7457987-72d06293.jpg,labels/val/b7457987-72d06293.txt,true,12
234,b7457987-06803d89.jpg,images/val/b7457987-06803d89.jpg,labels/val/b7457987-06803d89.txt,true,2
235,b7668116-71da4033.jpg,images/val/b7668116-71da4033.jpg,labels/val/b7668116-71da4033.txt,true,7
236,b7984475-0a28901d.jpg,images/val/b7984475-0a28901d.jpg,labels/val/b7984475-0a28901d.txt,true,13
237,b8201476-b9dba8dd.jpg,images/val/b8201476-b9dba8dd.jpg,labels/val/b8201476-b9dba8dd.txt,true,23
238,ba0b31f2-c45b879b.jpg,images/val/ba0b31f2-c45b879b.jpg,labels/val/ba0b31f2-c45b879b.txt,true,7
239,ba0f292a-bb8b14af.jpg,images/val/ba0f292a-bb8b14af.jpg,labels/val/ba0f292a-bb8b14af.txt,true,5
240,ba2e8c76-d7ca505e.jpg,images/val/ba2e8c76-d7ca505e.jpg,labels/val/ba2e8c76-d7ca505e.txt,true,10
241,ba3ffa1d-05ce6de4.jpg,images/val/ba3ffa1d-05ce6de4.jpg,labels/val/ba3ffa1d-05ce6de4.txt,true,14
242,ba4a95e2-388b7299.jpg,images/val/ba4a95e2-388b7299.jpg,labels/val/ba4a95e2-388b7299.txt,true,3
243,ba4adf3d-27e3cae5.jpg,images/val/ba4adf3d-27e3cae5.jpg,labels/val/ba4adf3d-27e3cae5.txt,true,9
244,ba4d05f6-24c9c3cf.jpg,images/val/ba4d05f6-24c9c3cf.jpg,labels/val/ba4d05f6-24c9c3cf.txt,true,13
245,ba5c759c-45dd7a4f.jpg,images/val/ba5c759c-45dd7a4f.jpg,labels/val/ba5c759c-45dd7a4f.txt,true,9
246,ba5c759c-1913a624.jpg,images/val/ba5c759c-1913a624.jpg,labels/val/ba5c759c-1913a624.txt,true,3
247,ba7ad79b-d9c40465.jpg,images/val/ba7ad79b-d9c40465.jpg,labels/val/ba7ad79b-d9c40465.txt,true,26
248,ba54b6fd-896b735c.jpg,images/val/ba54b6fd-896b735c.jpg,labels/val/ba54b6fd-896b735c.txt,true,10
249,ba79d911-8254c418.jpg,images/val/ba79d911-8254c418.jpg,labels/val/ba79d911-8254c418.txt,true,8
250,ba336fcb-24158015.jpg,images/val/ba336fcb-24158015.jpg,labels/val/ba336fcb-24158015.txt,true,8
251,ba336fcb-f0afaac6.jpg,images/val/ba336fcb-f0afaac6.jpg,labels/val/ba336fcb-f0afaac6.txt,true,6
252,ba362b8d-2855bf4e.jpg,images/val/ba362b8d-2855bf4e.jpg,labels/val/ba362b8d-2855bf4e.txt,true,15
253,ba465f46-6ec77334.jpg,images/val/ba465f46-6ec77334.jpg,labels/val/ba465f46-6ec77334.txt,true,12
254,ba908c74-4e0a63ae.jpg,images/val/ba908c74-4e0a63ae.jpg,labels/val/ba908c74-4e0a63ae.txt,true,11
255,ba982bf6-10d32995.jpg,images/val/ba982bf6-10d32995.jpg,labels/val/ba982bf6-10d32995.txt,true,4
256,ba08174b-15c134f7.jpg,images/val/ba08174b-15c134f7.jpg,labels/val/ba08174b-15c134f7.txt,true,4
257,baa0cbfb-46b96329.jpg,images/val/baa0cbfb-46b96329.jpg,labels/val/baa0cbfb-46b96329.txt,true,5
258,baab5a30-8d713374.jpg,images/val/baab5a30-8d713374.jpg,labels/val/baab5a30-8d713374.txt,true,11
259,bac8fe51-6b258bd9.jpg,images/val/bac8fe51-6b258bd9.jpg,labels/val/bac8fe51-6b258bd9.txt,true,9
260,bac52b21-f294dffd.jpg,images/val/bac52b21-f294dffd.jpg,labels/val/bac52b21-f294dffd.txt,true,7
261,bac66ed2-5f02fccc.jpg,images/val/bac66ed2-5f02fccc.jpg,labels/val/bac66ed2-5f02fccc.txt,true,18
262,bac443ab-eb1694f5.jpg,images/val/bac443ab-eb1694f5.jpg,labels/val/bac443ab-eb1694f5.txt,true,4
263,bae322f4-c995abe0.jpg,images/val/bae322f4-c995abe0.jpg,labels/val/bae322f4-c995abe0.txt,true,18
264,bae778fd-4cc0d9be.jpg,images/val/bae778fd-4cc0d9be.jpg,labels/val/bae778fd-4cc0d9be.txt,true,3
265,baeb68f6-9abb3aaf.jpg,images/val/baeb68f6-9abb3aaf.jpg,labels/val/baeb68f6-9abb3aaf.txt,true,6
266,baeb1657-6169cccd.jpg,images/val/baeb1657-6169cccd.jpg,labels/val/baeb1657-6169cccd.txt,true,9
267,baf870f0-44119a5e.jpg,images/val/baf870f0-44119a5e.jpg,labels/val/baf870f0-44119a5e.txt,true,8
268,baf29436-f6375fa4.jpg,images/val/baf29436-f6375fa4.jpg,labels/val/baf29436-f6375fa4.txt,true,14
269,bb1b7e42-48b281a3.jpg,images/val/bb1b7e42-48b281a3.jpg,labels/val/bb1b7e42-48b281a3.txt,true,16
270,bb1b7e42-67806924.jpg,images/val/bb1b7e42-67806924.jpg,labels/val/bb1b7e42-67806924.txt,true,21
271,bb2c8f70-d58d2ef6.jpg,images/val/bb2c8f70-d58d2ef6.jpg,labels/val/bb2c8f70-d58d2ef6.txt,true,18
272,bb8b844a-ed14e8b9.jpg,images/val/bb8b844a-ed14e8b9.jpg,labels/val/bb8b844a-ed14e8b9.txt,true,20
273,bb8d2c06-e1a6a306.jpg,images/val/bb8d2c06-e1a6a306.jpg,labels/val/bb8d2c06-e1a6a306.txt,true,5
274,bb8dba97-1be28493.jpg,images/val/bb8dba97-1be28493.jpg,labels/val/bb8dba97-1be28493.txt,true,15
275,bb8dba97-50af5a1e.jpg,images/val/bb8dba97-50af5a1e.jpg,labels/val/bb8dba97-50af5a1e.txt,true,12
276,bb8dba97-3537805c.jpg,images/val/bb8dba97-3537805c.jpg,labels/val/bb8dba97-3537805c.txt,true,12
277,bb8dba97-c7ec77a3.jpg,images/val/bb8dba97-c7ec77a3.jpg,labels/val/bb8dba97-c7ec77a3.txt,true,10
278,bb16d9b5-588275af.jpg,images/val/bb16d9b5-588275af.jpg,labels/val/bb16d9b5-588275af.txt,true,4
279,bb43e180-96b21056.jpg,images/val/bb43e180-96b21056.jpg,labels/val/bb43e180-96b21056.txt,true,11
280,bb78fe06-3994d745.jpg,images/val/bb78fe06-3994d745.jpg,labels/val/bb78fe06-3994d745.txt,true,13
281,bb80de49-c7d12d6a.jpg,images/val/bb80de49-c7d12d6a.jpg,labels/val/bb80de49-c7d12d6a.txt,true,3
282,bb370e7e-4c296bfb.jpg,images/val/bb370e7e-4c296bfb.jpg,labels/val/bb370e7e-4c296bfb.txt,true,21
283,bb391d59-6b05b7a0.jpg,images/val/bb391d59-6b05b7a0.jpg,labels/val/bb391d59-6b05b7a0.txt,true,3
284,bb655f15-825903ad.jpg,images/val/bb655f15-825903ad.jpg,labels/val/bb655f15-825903ad.txt,true,5
285,bb7792f1-e7ef3677.jpg,images/val/bb7792f1-e7ef3677.jpg,labels/val/bb7792f1-e7ef3677.txt,true,10
286,bb919332-8ea8b53f.jpg,images/val/bb919332-8ea8b53f.jpg,labels/val/bb919332-8ea8b53f.txt,true,4
287,bb974084-c0e23420.jpg,images/val/bb974084-c0e23420.jpg,labels/val/bb974084-c0e23420.txt,true,8
288,bba4ee51-3badc9f8.jpg,images/val/bba4ee51-3badc9f8.jpg,labels/val/bba4ee51-3badc9f8.txt,true,15
289,bbaf1cf2-5c7315e0.jpg,images/val/bbaf1cf2-5c7315e0.jpg,labels/val/bbaf1cf2-5c7315e0.txt,true,18
290,bbaf54a0-217653b8.jpg,images/val/bbaf54a0-217653b8.jpg,labels/val/bbaf54a0-217653b8.txt,true,10
291,bbb46ace-fd1c3344.jpg,images/val/bbb46ace-fd1c3344.jpg,labels/val/bbb46ace-fd1c3344.txt,true,12
292,bbb1289a-a3fbe37f.jpg,images/val/bbb1289a-a3fbe37f.jpg,labels/val/bbb1289a-a3fbe37f.txt,true,13
293,bbb1289a-b49fe5de.jpg,images/val/bbb1289a-b49fe5de.jpg,labels/val/bbb1289a-b49fe5de.txt,true,19
294,bbb25499-f602899d.jpg,images/val/bbb25499-f602899d.jpg,labels/val/bbb25499-f602899d.txt,true,4
295,bbbe5a28-c070f32d.jpg,images/val/bbbe5a28-c070f32d.jpg,labels/val/bbbe5a28-c070f32d.txt,true,17
296,bbc0f7ea-77bee0c4.jpg,images/val/bbc0f7ea-77bee0c4.jpg,labels/val/bbc0f7ea-77bee0c4.txt,true,14
297,bbc357f2-ddaa5e79.jpg,images/val/bbc357f2-ddaa5e79.jpg,labels/val/bbc357f2-ddaa5e79.txt,true,16
298,bbcdfc12-87ca1f44.jpg,images/val/bbcdfc12-87ca1f44.jpg,labels/val/bbcdfc12-87ca1f44.txt,true,6
299,bbcdfc12-745c6e19.jpg,images/val/bbcdfc12-745c6e19.jpg,labels/val/bbcdfc12-745c6e19.txt,true,16
300,bbfe3b4f-71b57b40.jpg,images/val/bbfe3b4f-71b57b40.jpg,labels/val/bbfe3b4f-71b57b40.txt,true,3
301,bc1e4645-5c81c3c1.jpg,images/val/bc1e4645-5c81c3c1.jpg,labels/val/bc1e4645-5c81c3c1.txt,true,7
302,bc1e4645-76a7fd0e.jpg,images/val/bc1e4645-76a7fd0e.jpg,labels/val/bc1e4645-76a7fd0e.txt,true,18
303,bc05c126-b5aff837.jpg,images/val/bc05c126-b5aff837.jpg,labels/val/bc05c126-b5aff837.txt,true,11
304,bc5fadac-47398ddc.jpg,images/val/bc5fadac-47398ddc.jpg,labels/val/bc5fadac-47398ddc.txt,true,19
305,bc5fadac-96776d48.jpg,images/val/bc5fadac-96776d48.jpg,labels/val/bc5fadac-96776d48.txt,true,7
306,bc5fadac-bc6d38cd.jpg,images/val/bc5fadac-bc6d38cd.jpg,labels/val/bc5fadac-bc6d38cd.txt,true,12
307,bc5fadac-fa6dd225.jpg,images/val/bc5fadac-fa6dd225.jpg,labels/val/bc5fadac-fa6dd225.txt,true,2
308,bc6a6534-8b519e81.jpg,images/val/bc6a6534-8b519e81.jpg,labels/val/bc6a6534-8b519e81.txt,true,8
309,bc7e7e2c-3f42fbae.jpg,images/val/bc7e7e2c-3f42fbae.jpg,labels/val/bc7e7e2c-3f42fbae.txt,true,7
310,bc7e7e2c-6388153c.jpg,images/val/bc7e7e2c-6388153c.jpg,labels/val/bc7e7e2c-6388153c.txt,true,22
311,bc8c555a-5f402650.jpg,images/val/bc8c555a-5f402650.jpg,labels/val/bc8c555a-5f402650.txt,true,7
312,bc8e1605-4005ee7e.jpg,images/val/bc8e1605-4005ee7e.jpg,labels/val/bc8e1605-4005ee7e.txt,true,15
313,bc8f34d9-84c7849d.jpg,images/val/bc8f34d9-84c7849d.jpg,labels/val/bc8f34d9-84c7849d.txt,true,4
314,bc18b981-f4361b9d.jpg,images/val/bc18b981-f4361b9d.jpg,labels/val/bc18b981-f4361b9d.txt,true,9
315,bc19c993-c0a0f85f.jpg,images/val/bc19c993-c0a0f85f.jpg,labels/val/bc19c993-c0a0f85f.txt,true,14
316,bc24f222-2acc4952.jpg,images/val/bc24f222-2acc4952.jpg,labels/val/bc24f222-2acc4952.txt,true,10
317,bc24f222-4fdb5e23.jpg,images/val/bc24f222-4fdb5e23.jpg,labels/val/bc24f222-4fdb5e23.txt,true,8
318,bc101f0f-6b6d71e7.jpg,images/val/bc101f0f-6b6d71e7.jpg,labels/val/bc101f0f-6b6d71e7.txt,true,14
319,bc140c47-7caca472.jpg,images/val/bc140c47-7caca472.jpg,labels/val/bc140c47-7caca472.txt,true,5
320,bc197c3b-9d39a36a.jpg,images/val/bc197c3b-9d39a36a.jpg,labels/val/bc197c3b-9d39a36a.txt,true,18
321,bc715fc7-87a29be4.jpg,images/val/bc715fc7-87a29be4.jpg,labels/val/bc715fc7-87a29be4.txt,true,2
322,bc886b45-3b6d2883.jpg,images/val/bc886b45-3b6d2883.jpg,labels/val/bc886b45-3b6d2883.txt,true,29
323,bc886d37-5b22c313.jpg,images/val/bc886d37-5b22c313.jpg,labels/val/bc886d37-5b22c313.txt,true,6
324,bc082805-7738f543.jpg,images/val/bc082805-7738f543.jpg,labels/val/bc082805-7738f543.txt,true,4
325,bca36352-5de70a3f.jpg,images/val/bca36352-5de70a3f.jpg,labels/val/bca36352-5de70a3f.txt,true,8
326,bcade6d5-430ff8e0.jpg,images/val/bcade6d5-430ff8e0.jpg,labels/val/bcade6d5-430ff8e0.txt,true,6
327,bcbbbb55-4245620b.jpg,images/val/bcbbbb55-4245620b.jpg,labels/val/bcbbbb55-4245620b.txt,true,13
328,bcbfbfb8-297deca0.jpg,images/val/bcbfbfb8-297deca0.jpg,labels/val/bcbfbfb8-297deca0.txt,true,14
329,bcc4efaf-023c2a93.jpg,images/val/bcc4efaf-023c2a93.jpg,labels/val/bcc4efaf-023c2a93.txt,true,21
330,bcde71de-1bf86b19.jpg,images/val/bcde71de-1bf86b19.jpg,labels/val/bcde71de-1bf86b19.txt,true,7
331,bcef3e08-16df1f59.jpg,images/val/bcef3e08-16df1f59.jpg,labels/val/bcef3e08-16df1f59.txt,true,5
332,bd2fd996-71e2a020.jpg,images/val/bd2fd996-71e2a020.jpg,labels/val/bd2fd996-71e2a020.txt,true,12
333,bd3bd3ab-8e38f822.jpg,images/val/bd3bd3ab-8e38f822.jpg,labels/val/bd3bd3ab-8e38f822.txt,true,5
334,bd4c1d7e-24700e36.jpg,images/val/bd4c1d7e-24700e36.jpg,labels/val/bd4c1d7e-24700e36.txt,true,5
335,bd5c34f4-52ef24cd.jpg,images/val/bd5c34f4-52ef24cd.jpg,labels/val/bd5c34f4-52ef24cd.txt,true,13
336,bd5c34f4-f39f6dfc.jpg,images/val/bd5c34f4-f39f6dfc.jpg,labels/val/bd5c34f4-f39f6dfc.txt,true,2
337,bd5f0e20-1792f900.jpg,images/val/bd5f0e20-1792f900.jpg,labels/val/bd5f0e20-1792f900.txt,true,3
338,bd5f8f37-b3008fa1.jpg,images/val/bd5f8f37-b3008fa1.jpg,labels/val/bd5f8f37-b3008fa1.txt,true,11
339,bd6c7aef-750b28cc.jpg,images/val/bd6c7aef-750b28cc.jpg,labels/val/bd6c7aef-750b28cc.txt,true,7
340,bd026bc5-7d3bf0ef.jpg,images/val/bd026bc5-7d3bf0ef.jpg,labels/val/bd026bc5-7d3bf0ef.txt,true,9
341,bd31fb8b-28ae6a12.jpg,images/val/bd31fb8b-28ae6a12.jpg,labels/val/bd31fb8b-28ae6a12.txt,true,13
342,bd056a69-676260f6.jpg,images/val/bd056a69-676260f6.jpg,labels/val/bd056a69-676260f6.txt,true,5
343,bd57e60e-504a870b.jpg,images/val/bd57e60e-504a870b.jpg,labels/val/bd57e60e-504a870b.txt,true,6
344,bd65dd37-4c3cdf2d.jpg,images/val/bd65dd37-4c3cdf2d.jpg,labels/val/bd65dd37-4c3cdf2d.txt,true,10
345,bd320d5f-f6fd0850.jpg,images/val/bd320d5f-f6fd0850.jpg,labels/val/bd320d5f-f6fd0850.txt,true,7
346,bd355fcc-bbe3eda5.jpg,images/val/bd355fcc-bbe3eda5.jpg,labels/val/bd355fcc-bbe3eda5.txt,true,12
347,bd442c6f-d404189c.jpg,images/val/bd442c6f-d404189c.jpg,labels/val/bd442c6f-d404189c.txt,true,20
348,bd0829be-ba790c09.jpg,images/val/bd0829be-ba790c09.jpg,labels/val/bd0829be-ba790c09.txt,true,28
349,bd931a20-031fbc84.jpg,images/val/bd931a20-031fbc84.jpg,labels/val/bd931a20-031fbc84.txt,true,18
350,bd937f4d-6c06e8b4.jpg,images/val/bd937f4d-6c06e8b4.jpg,labels/val/bd937f4d-6c06e8b4.txt,true,6
351,bd812175-88bdcb99.jpg,images/val/bd812175-88bdcb99.jpg,labels/val/bd812175-88bdcb99.txt,true,10
352,bd989210-c3df0371.jpg,images/val/bd989210-c3df0371.jpg,labels/val/bd989210-c3df0371.txt,true,23
353,bd989210-d2369f97.jpg,images/val/bd989210-d2369f97.jpg,labels/val/bd989210-d2369f97.txt,true,8
354,bd989210-ecdee00d.jpg,images/val/bd989210-ecdee00d.jpg,labels/val/bd989210-ecdee00d.txt,true,5
355,bda1cdfa-a4626edd.jpg,images/val/bda1cdfa-a4626edd.jpg,labels/val/bda1cdfa-a4626edd.txt,true,12
356,bda2a452-8a54fc2c.jpg,images/val/bda2a452-8a54fc2c.jpg,labels/val/bda2a452-8a54fc2c.txt,true,10
357,bda90d90-4fff70f2.jpg,images/val/bda90d90-4fff70f2.jpg,labels/val/bda90d90-4fff70f2.txt,true,23
358,bda46285-116182b2.jpg,images/val/bda46285-116182b2.jpg,labels/val/bda46285-116182b2.txt,true,14
359,bdaeda37-9cc73420.jpg,images/val/bdaeda37-9cc73420.jpg,labels/val/bdaeda37-9cc73420.txt,true,2
360,bdc0dc52-b4d05890.jpg,images/val/bdc0dc52-b4d05890.jpg,labels/val/bdc0dc52-b4d05890.txt,true,19
361,bde83a65-61f8f702.jpg,images/val/bde83a65-61f8f702.jpg,labels/val/bde83a65-61f8f702.txt,true,10
362,bde83a65-d8ce4ddc.jpg,images/val/bde83a65-d8ce4ddc.jpg,labels/val/bde83a65-d8ce4ddc.txt,true,8
363,bdec39d8-c94681b3.jpg,images/val/bdec39d8-c94681b3.jpg,labels/val/bdec39d8-c94681b3.txt,true,13
364,bdf6ab8b-3ebe8356.jpg,images/val/bdf6ab8b-3ebe8356.jpg,labels/val/bdf6ab8b-3ebe8356.txt,true,3
365,be1e235b-e033239e.jpg,images/val/be1e235b-e033239e.jpg,labels/val/be1e235b-e033239e.txt,true,5
366,be2b1f01-892bf2bb.jpg,images/val/be2b1f01-892bf2bb.jpg,labels/val/be2b1f01-892bf2bb.txt,true,19
367,be3e9c45-d47775f3.jpg,images/val/be3e9c45-d47775f3.jpg,labels/val/be3e9c45-d47775f3.txt,true,18
368,be8b3ab2-26370e88.jpg,images/val/be8b3ab2-26370e88.jpg,labels/val/be8b3ab2-26370e88.txt,true,21
369,be49ae7a-1ffaa683.jpg,images/val/be49ae7a-1ffaa683.jpg,labels/val/be49ae7a-1ffaa683.txt,true,12
370,be415cb5-0f27b485.jpg,images/val/be415cb5-0f27b485.jpg,labels/val/be415cb5-0f27b485.txt,true,5
371,be554fed-4ac78405.jpg,images/val/be554fed-4ac78405.jpg,labels/val/be554fed-4ac78405.txt,true,12
372,be651ed5-21253da1.jpg,images/val/be651ed5-21253da1.jpg,labels/val/be651ed5-21253da1.txt,true,2
373,be651ed5-c3407554.jpg,images/val/be651ed5-c3407554.jpg,labels/val/be651ed5-c3407554.txt,true,8
374,be651ffd-0bc74ac7.jpg,images/val/be651ffd-0bc74ac7.jpg,labels/val/be651ffd-0bc74ac7.txt,true,18
375,be791a81-a6b53fef.jpg,images/val/be791a81-a6b53fef.jpg,labels/val/be791a81-a6b53fef.txt,true,7
376,be839b4c-fba3ea45.jpg,images/val/be839b4c-fba3ea45.jpg,labels/val/be839b4c-fba3ea45.txt,true,19
377,be852dd5-29511af0.jpg,images/val/be852dd5-29511af0.jpg,labels/val/be852dd5-29511af0.txt,true,6
378,be00937a-8e571604.jpg,images/val/be00937a-8e571604.jpg,labels/val/be00937a-8e571604.txt,true,9
379,be5559e0-15ecaa2b.jpg,images/val/be5559e0-15ecaa2b.jpg,labels/val/be5559e0-15ecaa2b.txt,true,17
380,be9496ad-3d23e714.jpg,images/val/be9496ad-3d23e714.jpg,labels/val/be9496ad-3d23e714.txt,true,5
381,be41362b-587a17b4.jpg,images/val/be41362b-587a17b4.jpg,labels/val/be41362b-587a17b4.txt,true,4
382,be448414-11891b58.jpg,images/val/be448414-11891b58.jpg,labels/val/be448414-11891b58.txt,true,4
383,be448414-f60b61c9.jpg,images/val/be448414-f60b61c9.jpg,labels/val/be448414-f60b61c9.txt,true,15
384,be819732-9cff62ba.jpg,images/val/be819732-9cff62ba.jpg,labels/val/be819732-9cff62ba.txt,true,9
385,bea02fed-85841fe4.jpg,images/val/bea02fed-85841fe4.jpg,labels/val/bea02fed-85841fe4.txt,true,26
386,bea02fed-c803e656.jpg,images/val/bea02fed-c803e656.jpg,labels/val/bea02fed-c803e656.txt,true,2
387,beaae4eb-f6975a4f.jpg,images/val/beaae4eb-f6975a4f.jpg,labels/val/beaae4eb-f6975a4f.txt,true,6
388,beb3d6ea-272401a6.jpg,images/val/beb3d6ea-272401a6.jpg,labels/val/beb3d6ea-272401a6.txt,true,8
389,beb3d6ea-d2584fc7.jpg,images/val/beb3d6ea-d2584fc7.jpg,labels/val/beb3d6ea-d2584fc7.txt,true,7
390,bec7b5c0-1bbf2379.jpg,images/val/bec7b5c0-1bbf2379.jpg,labels/val/bec7b5c0-1bbf2379.txt,true,4
391,bec7b5c0-5d9ee937.jpg,images/val/bec7b5c0-5d9ee937.jpg,labels/val/bec7b5c0-5d9ee937.txt,true,11
392,bec7b5c0-177923dd.jpg,images/val/bec7b5c0-177923dd.jpg,labels/val/bec7b5c0-177923dd.txt,true,10
393,bec7b5c0-36069512.jpg,images/val/bec7b5c0-36069512.jpg,labels/val/bec7b5c0-36069512.txt,true,11
394,bec7b5c0-ca19e1e3.jpg,images/val/bec7b5c0-ca19e1e3.jpg,labels/val/bec7b5c0-ca19e1e3.txt,true,20
395,bed4ed94-526eb41d.jpg,images/val/bed4ed94-526eb41d.jpg,labels/val/bed4ed94-526eb41d.txt,true,8
396,bedb9474-8dd30e6f.jpg,images/val/bedb9474-8dd30e6f.jpg,labels/val/bedb9474-8dd30e6f.txt,true,15
397,bee09035-01100c39.jpg,images/val/bee09035-01100c39.jpg,labels/val/bee09035-01100c39.txt,true,4
398,bee67716-066d25dc.jpg,images/val/bee67716-066d25dc.jpg,labels/val/bee67716-066d25dc.txt,true,2
399,beef90ca-dd806a38.jpg,images/val/beef90ca-dd806a38.jpg,labels/val/beef90ca-dd806a38.txt,true,8
400,bef7fb14-970e2929.jpg,images/val/bef7fb14-970e2929.jpg,labels/val/bef7fb14-970e2929.txt,true,4
401,beff1d1c-faff23dd.jpg,images/val/beff1d1c-faff23dd.jpg,labels/val/beff1d1c-faff23dd.txt,true,17
402,bf1bae75-f13a1d02.jpg,images/val/bf1bae75-f13a1d02.jpg,labels/val/bf1bae75-f13a1d02.txt,true,4
403,bf8feaf5-cf2b6195.jpg,images/val/bf8feaf5-cf2b6195.jpg,labels/val/bf8feaf5-cf2b6195.txt,true,13
404,bf9e3b67-2d5736bc.jpg,images/val/bf9e3b67-2d5736bc.jpg,labels/val/bf9e3b67-2d5736bc.txt,true,14
405,bf70a9e2-55b26931.jpg,images/val/bf70a9e2-55b26931.jpg,labels/val/bf70a9e2-55b26931.txt,true,7
406,bf76fa8e-889c317d.jpg,images/val/bf76fa8e-889c317d.jpg,labels/val/bf76fa8e-889c317d.txt,true,10
407,bf77e9b1-33a1b81e.jpg,images/val/bf77e9b1-33a1b81e.jpg,labels/val/bf77e9b1-33a1b81e.txt,true,14
408,bf77e9b1-ebc57a82.jpg,images/val/bf77e9b1-ebc57a82.jpg,labels/val/bf77e9b1-ebc57a82.txt,true,2
409,bf78f601-1003f3da.jpg,images/val/bf78f601-1003f3da.jpg,labels/val/bf78f601-1003f3da.txt,true,10
410,bf213ac1-1665b81a.jpg,images/val/bf213ac1-1665b81a.jpg,labels/val/bf213ac1-1665b81a.txt,true,18
411,bf8982ce-1369162c.jpg,images/val/bf8982ce-1369162c.jpg,labels/val/bf8982ce-1369162c.txt,true,6
412,bf97082f-7b5ec66c.jpg,images/val/bf97082f-7b5ec66c.jpg,labels/val/bf97082f-7b5ec66c.txt,true,13
413,bf474631-7bf7833c.jpg,images/val/bf474631-7bf7833c.jpg,labels/val/bf474631-7bf7833c.txt,true,5
414,bf879071-533b979e.jpg,images/val/bf879071-533b979e.jpg,labels/val/bf879071-533b979e.txt,true,10
415,bf972758-7ae264e7.jpg,images/val/bf972758-7ae264e7.jpg,labels/val/bf972758-7ae264e7.txt,true,5
416,bfaca2bb-22fbe726.jpg,images/val/bfaca2bb-22fbe726.jpg,labels/val/bfaca2bb-22fbe726.txt,true,8
417,bfaca2bb-30af2110.jpg,images/val/bfaca2bb-30af2110.jpg,labels/val/bfaca2bb-30af2110.txt,true,7
418,bfaca2bb-98dfee43.jpg,images/val/bfaca2bb-98dfee43.jpg,labels/val/bfaca2bb-98dfee43.txt,true,12
419,bfb72242-2b84934e.jpg,images/val/bfb72242-2b84934e.jpg,labels/val/bfb72242-2b84934e.txt,true,16
420,bfb72242-c9cffb08.jpg,images/val/bfb72242-c9cffb08.jpg,labels/val/bfb72242-c9cffb08.txt,true,5
421,bfd08f2c-b67851d1.jpg,images/val/bfd08f2c-b67851d1.jpg,labels/val/bfd08f2c-b67851d1.txt,true,18
422,bfd29575-767314a3.jpg,images/val/bfd29575-767314a3.jpg,labels/val/bfd29575-767314a3.txt,true,7
423,bfe98b68-b1125889.jpg,images/val/bfe98b68-b1125889.jpg,labels/val/bfe98b68-b1125889.txt,true,6
424,bfe587eb-d21baba4.jpg,images/val/bfe587eb-d21baba4.jpg,labels/val/bfe587eb-d21baba4.txt,true,7
425,bfef4a55-0c354241.jpg,images/val/bfef4a55-0c354241.jpg,labels/val/bfef4a55-0c354241.txt,true,7
426,bfef4a55-005ca254.jpg,images/val/bfef4a55-005ca254.jpg,labels/val/bfef4a55-005ca254.txt,true,4
427,bfef4a55-a91bccc2.jpg,images/val/bfef4a55-a91bccc2.jpg,labels/val/bfef4a55-a91bccc2.txt,true,8
428,bfef4a55-c2edf3fa.jpg,images/val/bfef4a55-c2edf3fa.jpg,labels/val/bfef4a55-c2edf3fa.txt,true,4
429,bff2ee41-90d20c1a.jpg,images/val/bff2ee41-90d20c1a.jpg,labels/val/bff2ee41-90d20c1a.txt,true,7
430,bff7091d-4ea5eb2a.jpg,images/val/bff7091d-4ea5eb2a.jpg,labels/val/bff7091d-4ea5eb2a.txt,true,14
431,c0a3b5cc-b6d07aae.jpg,images/val/c0a3b5cc-b6d07aae.jpg,labels/val/c0a3b5cc-b6d07aae.txt,true,5
432,c0a6cfd6-fa4e3a71.jpg,images/val/c0a6cfd6-fa4e3a71.jpg,labels/val/c0a6cfd6-fa4e3a71.txt,true,21
433,c0aa83ea-5e7cbb16.jpg,images/val/c0aa83ea-5e7cbb16.jpg,labels/val/c0aa83ea-5e7cbb16.txt,true,9
434,c0be0e03-063c7cf7.jpg,images/val/c0be0e03-063c7cf7.jpg,labels/val/c0be0e03-063c7cf7.txt,true,2
435,c0c8efe2-cb74e696.jpg,images/val/c0c8efe2-cb74e696.jpg,labels/val/c0c8efe2-cb74e696.txt,true,24
436,c00d02a5-01e36f95.jpg,images/val/c00d02a5-01e36f95.jpg,labels/val/c00d02a5-01e36f95.txt,true,21
437,c0d3128e-8adf0493.jpg,images/val/c0d3128e-8adf0493.jpg,labels/val/c0d3128e-8adf0493.txt,true,9
438,c0dc5a95-26ea2d7d.jpg,images/val/c0dc5a95-26ea2d7d.jpg,labels/val/c0dc5a95-26ea2d7d.txt,true,12
439,c0dc123c-25946136.jpg,images/val/c0dc123c-25946136.jpg,labels/val/c0dc123c-25946136.txt,true,13
440,c0e1fd2a-45156dec.jpg,images/val/c0e1fd2a-45156dec.jpg,labels/val/c0e1fd2a-45156dec.txt,true,6
441,c0eab4d0-010273fa.jpg,images/val/c0eab4d0-010273fa.jpg,labels/val/c0eab4d0-010273fa.txt,true,8
442,c0eba0ba-c73e128d.jpg,images/val/c0eba0ba-c73e128d.jpg,labels/val/c0eba0ba-c73e128d.txt,true,8
443,c00ec632-8bf1e59e.jpg,images/val/c00ec632-8bf1e59e.jpg,labels/val/c00ec632-8bf1e59e.txt,true,12
444,c0faf05b-b3cba171.jpg,images/val/c0faf05b-b3cba171.jpg,labels/val/c0faf05b-b3cba171.txt,true,11
445,c0fce69f-42d06912.jpg,images/val/c0fce69f-42d06912.jpg,labels/val/c0fce69f-42d06912.txt,true,20
446,c1a1e343-92f68005.jpg,images/val/c1a1e343-92f68005.jpg,labels/val/c1a1e343-92f68005.txt,true,6
447,c1a2f331-c407620f.jpg,images/val/c1a2f331-c407620f.jpg,labels/val/c1a2f331-c407620f.txt,true,16
448,c1a07cae-269e1f30.jpg,images/val/c1a07cae-269e1f30.jpg,labels/val/c1a07cae-269e1f30.txt,true,5
449,c1a07cae-fc54c9dc.jpg,images/val/c1a07cae-fc54c9dc.jpg,labels/val/c1a07cae-fc54c9dc.txt,true,12
450,c1a61e43-1fe7e02e.jpg,images/val/c1a61e43-1fe7e02e.jpg,labels/val/c1a61e43-1fe7e02e.txt,true,6
451,c1b5a91c-9e402e78.jpg,images/val/c1b5a91c-9e402e78.jpg,labels/val/c1b5a91c-9e402e78.txt,true,25
452,c1b173ec-7c9f4aba.jpg,images/val/c1b173ec-7c9f4aba.jpg,labels/val/c1b173ec-7c9f4aba.txt,true,19
453,c1d9edc8-8986da55.jpg,images/val/c1d9edc8-8986da55.jpg,labels/val/c1d9edc8-8986da55.txt,true,11
454,c1f2bf8e-7b0e284d.jpg,images/val/c1f2bf8e-7b0e284d.jpg,labels/val/c1f2bf8e-7b0e284d.txt,true,13
455,c1f9f357-0ea2a4a9.jpg,images/val/c1f9f357-0ea2a4a9.jpg,labels/val/c1f9f357-0ea2a4a9.txt,true,4
456,c1f7104e-b64ae3b2.jpg,images/val/c1f7104e-b64ae3b2.jpg,labels/val/c1f7104e-b64ae3b2.txt,true,6
457,c1f39934-077f75ad.jpg,images/val/c1f39934-077f75ad.jpg,labels/val/c1f39934-077f75ad.txt,true,12
458,c1f39934-59878ba6.jpg,images/val/c1f39934-59878ba6.jpg,labels/val/c1f39934-59878ba6.txt,true,19
459,c1fa7950-56a78519.jpg,images/val/c1fa7950-56a78519.jpg,labels/val/c1fa7950-56a78519.txt,true,4
460,c1fd3aad-0fdb8c7c.jpg,images/val/c1fd3aad-0fdb8c7c.jpg,labels/val/c1fd3aad-0fdb8c7c.txt,true,12
461,c01feca6-512daace.jpg,images/val/c01feca6-512daace.jpg,labels/val/c01feca6-512daace.txt,true,26
462,c2a42061-fc4af0cd.jpg,images/val/c2a42061-fc4af0cd.jpg,labels/val/c2a42061-fc4af0cd.txt,true,15
463,c2ad6f21-713c330a.jpg,images/val/c2ad6f21-713c330a.jpg,labels/val/c2ad6f21-713c330a.txt,true,18
464,c2b6d359-e8c54604.jpg,images/val/c2b6d359-e8c54604.jpg,labels/val/c2b6d359-e8c54604.txt,true,5
465,c2bd70f5-b518c14f.jpg,images/val/c2bd70f5-b518c14f.jpg,labels/val/c2bd70f5-b518c14f.txt,true,13
466,c2c32a23-8636a7e4.jpg,images/val/c2c32a23-8636a7e4.jpg,labels/val/c2c32a23-8636a7e4.txt,true,2
467,c2ca5977-11073d54.jpg,images/val/c2ca5977-11073d54.jpg,labels/val/c2ca5977-11073d54.txt,true,12
468,c2ccc2a6-81d75278.jpg,images/val/c2ccc2a6-81d75278.jpg,labels/val/c2ccc2a6-81d75278.txt,true,8
469,c2d33423-8f1d3d05.jpg,images/val/c2d33423-8f1d3d05.jpg,labels/val/c2d33423-8f1d3d05.txt,true,15
470,c2dba16e-9ead0a99.jpg,images/val/c2dba16e-9ead0a99.jpg,labels/val/c2dba16e-9ead0a99.txt,true,20
471,c2edfde8-ed5a96ad.jpg,images/val/c2edfde8-ed5a96ad.jpg,labels/val/c2edfde8-ed5a96ad.txt,true,10
472,c2f25682-16a2fc3f.jpg,images/val/c2f25682-16a2fc3f.jpg,labels/val/c2f25682-16a2fc3f.txt,true,12
473,c02fb811-03f28b56.jpg,images/val/c02fb811-03f28b56.jpg,labels/val/c02fb811-03f28b56.txt,true,11
474,c3a18207-109c0500.jpg,images/val/c3a18207-109c0500.jpg,labels/val/c3a18207-109c0500.txt,true,10
475,c3aca55d-61d72a19.jpg,images/val/c3aca55d-61d72a19.jpg,labels/val/c3aca55d-61d72a19.txt,true,5
476,c3ae9216-b9dab4a9.jpg,images/val/c3ae9216-b9dab4a9.jpg,labels/val/c3ae9216-b9dab4a9.txt,true,17
477,c3b1694b-79c97ac2.jpg,images/val/c3b1694b-79c97ac2.jpg,labels/val/c3b1694b-79c97ac2.txt,true,14
478,c3b1694b-fadd8eba.jpg,images/val/c3b1694b-fadd8eba.jpg,labels/val/c3b1694b-fadd8eba.txt,true,7
479,c3c0f47b-e11941f3.jpg,images/val/c3c0f47b-e11941f3.jpg,labels/val/c3c0f47b-e11941f3.txt,true,12
480,c3cc12e9-d96fb013.jpg,images/val/c3cc12e9-d96fb013.jpg,labels/val/c3cc12e9-d96fb013.txt,true,6
481,c3dc6d37-60d68540.jpg,images/val/c3dc6d37-60d68540.jpg,labels/val/c3dc6d37-60d68540.txt,true,4
482,c3dc6d37-450bc114.jpg,images/val/c3dc6d37-450bc114.jpg,labels/val/c3dc6d37-450bc114.txt,true,5
483,c3dde797-aea46f02.jpg,images/val/c3dde797-aea46f02.jpg,labels/val/c3dde797-aea46f02.txt,true,2
484,c3def78d-b3fa5b93.jpg,images/val/c3def78d-b3fa5b93.jpg,labels/val/c3def78d-b3fa5b93.txt,true,10
485,c3e87419-dd6f2321.jpg,images/val/c3e87419-dd6f2321.jpg,labels/val/c3e87419-dd6f2321.txt,true,11
486,c3ee4b9b-1929ab81.jpg,images/val/c3ee4b9b-1929ab81.jpg,labels/val/c3ee4b9b-1929ab81.txt,true,5
487,c4b3ce3d-6e999bfc.jpg,images/val/c4b3ce3d-6e999bfc.jpg,labels/val/c4b3ce3d-6e999bfc.txt,true,3
488,c4b3ce3d-8b344a2f.jpg,images/val/c4b3ce3d-8b344a2f.jpg,labels/val/c4b3ce3d-8b344a2f.txt,true,8
489,c4b3ce3d-ef12b7eb.jpg,images/val/c4b3ce3d-ef12b7eb.jpg,labels/val/c4b3ce3d-ef12b7eb.txt,true,9
490,c4b8d344-dcbbc041.jpg,images/val/c4b8d344-dcbbc041.jpg,labels/val/c4b8d344-dcbbc041.txt,true,4
491,c4c4db55-82c87232.jpg,images/val/c4c4db55-82c87232.jpg,labels/val/c4c4db55-82c87232.txt,true,5
492,c4ceb792-87e9c3b2.jpg,images/val/c4ceb792-87e9c3b2.jpg,labels/val/c4ceb792-87e9c3b2.txt,true,16
493,c4dbd719-26df8369.jpg,images/val/c4dbd719-26df8369.jpg,labels/val/c4dbd719-26df8369.txt,true,4
494,c4e3cf95-4f803484.jpg,images/val/c4e3cf95-4f803484.jpg,labels/val/c4e3cf95-4f803484.txt,true,5
495,c4e92086-e1b8324f.jpg,images/val/c4e92086-e1b8324f.jpg,labels/val/c4e92086-e1b8324f.txt,true,9
496,c4e97226-7be7eef5.jpg,images/val/c4e97226-7be7eef5.jpg,labels/val/c4e97226-7be7eef5.txt,true,15
497,c4f19b5d-63528c25.jpg,images/val/c4f19b5d-63528c25.jpg,labels/val/c4f19b5d-63528c25.txt,true,9
498,c4f59bdd-00356764.jpg,images/val/c4f59bdd-00356764.jpg,labels/val/c4f59bdd-00356764.txt,true,5
499,c4f4718b-7a18cd62.jpg,images/val/c4f4718b-7a18cd62.jpg,labels/val/c4f4718b-7a18cd62.txt,true,2
500,c4f4718b-f6e8ce43.jpg,images/val/c4f4718b-f6e8ce43.jpg,labels/val/c4f4718b-f6e8ce43.txt,true,8
501,c5a0ad25-32da84bb.jpg,images/val/c5a0ad25-32da84bb.jpg,labels/val/c5a0ad25-32da84bb.txt,true,15
502,c5a0ad25-ce65688e.jpg,images/val/c5a0ad25-ce65688e.jpg,labels/val/c5a0ad25-ce65688e.txt,true,11
503,c5a0d993-a86563c1.jpg,images/val/c5a0d993-a86563c1.jpg,labels/val/c5a0d993-a86563c1.txt,true,7
504,c5ab4d79-c244d950.jpg,images/val/c5ab4d79-c244d950.jpg,labels/val/c5ab4d79-c244d950.txt,true,6
505,c5b6c311-af650f3b.jpg,images/val/c5b6c311-af650f3b.jpg,labels/val/c5b6c311-af650f3b.txt,true,3
506,c5b7b466-c3bd479a.jpg,images/val/c5b7b466-c3bd479a.jpg,labels/val/c5b7b466-c3bd479a.txt,true,9
507,c5b2506d-07e406a6.jpg,images/val/c5b2506d-07e406a6.jpg,labels/val/c5b2506d-07e406a6.txt,true,13
508,c5c9d88b-71b49b27.jpg,images/val/c5c9d88b-71b49b27.jpg,labels/val/c5c9d88b-71b49b27.txt,true,4
509,c5c9ead6-dab2dae6.jpg,images/val/c5c9ead6-dab2dae6.jpg,labels/val/c5c9ead6-dab2dae6.txt,true,4
510,c5c1956a-f18fba95.jpg,images/val/c5c1956a-f18fba95.jpg,labels/val/c5c1956a-f18fba95.txt,true,21
511,c5c3116a-8bcf604c.jpg,images/val/c5c3116a-8bcf604c.jpg,labels/val/c5c3116a-8bcf604c.txt,true,19
512,c5e8ab3b-6e92761c.jpg,images/val/c5e8ab3b-6e92761c.jpg,labels/val/c5e8ab3b-6e92761c.txt,true,6
513,c5e8457e-381c8a85.jpg,images/val/c5e8457e-381c8a85.jpg,labels/val/c5e8457e-381c8a85.txt,true,8
514,c5f8a1ae-0d55fc7a.jpg,images/val/c5f8a1ae-0d55fc7a.jpg,labels/val/c5f8a1ae-0d55fc7a.txt,true,13
515,c5fcf26b-c3f9aa67.jpg,images/val/c5fcf26b-c3f9aa67.jpg,labels/val/c5fcf26b-c3f9aa67.txt,true,3
516,c5fe7f8b-38ce05b2.jpg,images/val/c5fe7f8b-38ce05b2.jpg,labels/val/c5fe7f8b-38ce05b2.txt,true,15
517,c6a2eca5-a06c9e5b.jpg,images/val/c6a2eca5-a06c9e5b.jpg,labels/val/c6a2eca5-a06c9e5b.txt,true,8
518,c6a23a03-fb6ef9c3.jpg,images/val/c6a23a03-fb6ef9c3.jpg,labels/val/c6a23a03-fb6ef9c3.txt,true,5
519,c6af6422-ca528e3b.jpg,images/val/c6af6422-ca528e3b.jpg,labels/val/c6af6422-ca528e3b.txt,true,5
520,c6b8dc9c-1d5e230a.jpg,images/val/c6b8dc9c-1d5e230a.jpg,labels/val/c6b8dc9c-1d5e230a.txt,true,23
521,c6bf8d8a-b5474262.jpg,images/val/c6bf8d8a-b5474262.jpg,labels/val/c6bf8d8a-b5474262.txt,true,16
522,c6d77a40-03423c96.jpg,images/val/c6d77a40-03423c96.jpg,labels/val/c6d77a40-03423c96.txt,true,5
523,c6d6600c-e4287c96.jpg,images/val/c6d6600c-e4287c96.jpg,labels/val/c6d6600c-e4287c96.txt,true,4
524,c6e2cfc8-cfab245b.jpg,images/val/c6e2cfc8-cfab245b.jpg,labels/val/c6e2cfc8-cfab245b.txt,true,7
525,c6ea1428-223b4063.jpg,images/val/c6ea1428-223b4063.jpg,labels/val/c6ea1428-223b4063.txt,true,16
526,c7b32a0d-ffed4ed6.jpg,images/val/c7b32a0d-ffed4ed6.jpg,labels/val/c7b32a0d-ffed4ed6.txt,true,7
527,c7b1001c-ee3bf034.jpg,images/val/c7b1001c-ee3bf034.jpg,labels/val/c7b1001c-ee3bf034.txt,true,4
528,c7b49761-fc7ed898.jpg,images/val/c7b49761-fc7ed898.jpg,labels/val/c7b49761-fc7ed898.txt,true,4
529,c7b86405-da6e2abc.jpg,images/val/c7b86405-da6e2abc.jpg,labels/val/c7b86405-da6e2abc.txt,true,12
530,c7bcd5db-6483a43e.jpg,images/val/c7bcd5db-6483a43e.jpg,labels/val/c7bcd5db-6483a43e.txt,true,21
531,c7c86a8e-f29f4e4e.jpg,images/val/c7c86a8e-f29f4e4e.jpg,labels/val/c7c86a8e-f29f4e4e.txt,true,20
532,c7c5969b-3d72de47.jpg,images/val/c7c5969b-3d72de47.jpg,labels/val/c7c5969b-3d72de47.txt,true,7
533,c7c5969b-4fdfe484.jpg,images/val/c7c5969b-4fdfe484.jpg,labels/val/c7c5969b-4fdfe484.txt,true,10
534,c7c5969b-c0899dbc.jpg,images/val/c7c5969b-c0899dbc.jpg,labels/val/c7c5969b-c0899dbc.txt,true,16
535,c7c5969b-d4264f7e.jpg,images/val/c7c5969b-d4264f7e.jpg,labels/val/c7c5969b-d4264f7e.txt,true,7
536,c7c5969b-f1bc3e3a.jpg,images/val/c7c5969b-f1bc3e3a.jpg,labels/val/c7c5969b-f1bc3e3a.txt,true,7
537,c7d0b0a7-7f2306d8.jpg,images/val/c7d0b0a7-7f2306d8.jpg,labels/val/c7d0b0a7-7f2306d8.txt,true,22
538,c7d0b0a7-a0e6b491.jpg,images/val/c7d0b0a7-a0e6b491.jpg,labels/val/c7d0b0a7-a0e6b491.txt,true,13
539,c7d8260d-1c3f0898.jpg,images/val/c7d8260d-1c3f0898.jpg,labels/val/c7d8260d-1c3f0898.txt,true,7
540,c7d8260d-e1f6b3f8.jpg,images/val/c7d8260d-e1f6b3f8.jpg,labels/val/c7d8260d-e1f6b3f8.txt,true,19
541,c7d72934-2162b615.jpg,images/val/c7d72934-2162b615.jpg,labels/val/c7d72934-2162b615.txt,true,16
542,c7dd6716-f165ff52.jpg,images/val/c7dd6716-f165ff52.jpg,labels/val/c7dd6716-f165ff52.txt,true,11
543,c7e6d5d1-c8af9fe3.jpg,images/val/c7e6d5d1-c8af9fe3.jpg,labels/val/c7e6d5d1-c8af9fe3.txt,true,11
544,c7e61874-56decdeb.jpg,images/val/c7e61874-56decdeb.jpg,labels/val/c7e61874-56decdeb.txt,true,9
545,c7f8589f-45c47b58.jpg,images/val/c7f8589f-45c47b58.jpg,labels/val/c7f8589f-45c47b58.txt,true,8
546,c7fe62b1-831805d0.jpg,images/val/c7fe62b1-831805d0.jpg,labels/val/c7fe62b1-831805d0.txt,true,35
547,c8a3369c-d264119b.jpg,images/val/c8a3369c-d264119b.jpg,labels/val/c8a3369c-d264119b.txt,true,8
548,c8b983aa-59bbf82b.jpg,images/val/c8b983aa-59bbf82b.jpg,labels/val/c8b983aa-59bbf82b.txt,true,6
549,c8bad943-c78f2df3.jpg,images/val/c8bad943-c78f2df3.jpg,labels/val/c8bad943-c78f2df3.txt,true,14
550,c08bf392-3d39a1bc.jpg,images/val/c08bf392-3d39a1bc.jpg,labels/val/c08bf392-3d39a1bc.txt,true,12
551,c8c022ae-b7e1c0b5.jpg,images/val/c8c022ae-b7e1c0b5.jpg,labels/val/c8c022ae-b7e1c0b5.txt,true,7
552,c8ddb7b2-8c453f30.jpg,images/val/c8ddb7b2-8c453f30.jpg,labels/val/c8ddb7b2-8c453f30.txt,true,12
553,c8e8cd4a-2f894188.jpg,images/val/c8e8cd4a-2f894188.jpg,labels/val/c8e8cd4a-2f894188.txt,true,6
554,c8e8f29f-aa6b38d9.jpg,images/val/c8e8f29f-aa6b38d9.jpg,labels/val/c8e8f29f-aa6b38d9.txt,true,9
555,c8ed3fad-623b1616.jpg,images/val/c8ed3fad-623b1616.jpg,labels/val/c8ed3fad-623b1616.txt,true,7
556,c8ed2212-b60fa314.jpg,images/val/c8ed2212-b60fa314.jpg,labels/val/c8ed2212-b60fa314.txt,true,13
557,c8ef1a34-e7c66c0c.jpg,images/val/c8ef1a34-e7c66c0c.jpg,labels/val/c8ef1a34-e7c66c0c.txt,true,13
558,c8ef6dea-eea7d4cd.jpg,images/val/c8ef6dea-eea7d4cd.jpg,labels/val/c8ef6dea-eea7d4cd.txt,true,9
559,c8f0adf0-85eb7754.jpg,images/val/c8f0adf0-85eb7754.jpg,labels/val/c8f0adf0-85eb7754.txt,true,8
560,c8f6f631-a1eb5133.jpg,images/val/c8f6f631-a1eb5133.jpg,labels/val/c8f6f631-a1eb5133.txt,true,15
561,c8f61b8f-81c16429.jpg,images/val/c8f61b8f-81c16429.jpg,labels/val/c8f61b8f-81c16429.txt,true,13
562,c8fa732b-fbdaa989.jpg,images/val/c8fa732b-fbdaa989.jpg,labels/val/c8fa732b-fbdaa989.txt,true,6
563,c09af0c6-3c0b82a7.jpg,images/val/c09af0c6-3c0b82a7.jpg,labels/val/c09af0c6-3c0b82a7.txt,true,14
564,c9b0aa61-15573161.jpg,images/val/c9b0aa61-15573161.jpg,labels/val/c9b0aa61-15573161.txt,true,4
565,c9b099e4-6ab2e4f4.jpg,images/val/c9b099e4-6ab2e4f4.jpg,labels/val/c9b099e4-6ab2e4f4.txt,true,12
566,c9b29647-95da8336.jpg,images/val/c9b29647-95da8336.jpg,labels/val/c9b29647-95da8336.txt,true,10
567,c9c0e486-f197b842.jpg,images/val/c9c0e486-f197b842.jpg,labels/val/c9c0e486-f197b842.txt,true,18
568,c9c6949a-5aeaa8fd.jpg,images/val/c9c6949a-5aeaa8fd.jpg,labels/val/c9c6949a-5aeaa8fd.txt,true,16
569,c9c6949a-14eea22b.jpg,images/val/c9c6949a-14eea22b.jpg,labels/val/c9c6949a-14eea22b.txt,true,9
570,c9ca4c6c-4c9db372.jpg,images/val/c9ca4c6c-4c9db372.jpg,labels/val/c9ca4c6c-4c9db372.txt,true,16
571,c9d9cbf9-e86cf1ef.jpg,images/val/c9d9cbf9-e86cf1ef.jpg,labels/val/c9d9cbf9-e86cf1ef.txt,true,17
572,c9d89485-18576ffb.jpg,images/val/c9d89485-18576ffb.jpg,labels/val/c9d89485-18576ffb.txt,true,13
573,c9dc96aa-01dec7af.jpg,images/val/c9dc96aa-01dec7af.jpg,labels/val/c9dc96aa-01dec7af.txt,true,11
574,c9dedfc8-b23ac57e.jpg,images/val/c9dedfc8-b23ac57e.jpg,labels/val/c9dedfc8-b23ac57e.txt,true,7
575,c9effc42-0eb861b2.jpg,images/val/c9effc42-0eb861b2.jpg,labels/val/c9effc42-0eb861b2.txt,true,13
576,c9effc42-a75644ee.jpg,images/val/c9effc42-a75644ee.jpg,labels/val/c9effc42-a75644ee.txt,true,7
577,c9f6b520-523674ac.jpg,images/val/c9f6b520-523674ac.jpg,labels/val/c9f6b520-523674ac.txt,true,10
578,c13ef0e9-9cc08bb3.jpg,images/val/c13ef0e9-9cc08bb3.jpg,labels/val/c13ef0e9-9cc08bb3.txt,true,17
579,c16d3fdb-a3a8c912.jpg,images/val/c16d3fdb-a3a8c912.jpg,labels/val/c16d3fdb-a3a8c912.txt,true,5
580,c18c9fe9-a30aa4ca.jpg,images/val/c18c9fe9-a30aa4ca.jpg,labels/val/c18c9fe9-a30aa4ca.txt,true,9
581,c18cdb0e-c6d8672a.jpg,images/val/c18cdb0e-c6d8672a.jpg,labels/val/c18cdb0e-c6d8672a.txt,true,7
582,c18e4ce3-2a594c39.jpg,images/val/c18e4ce3-2a594c39.jpg,labels/val/c18e4ce3-2a594c39.txt,true,12
583,c019c1f1-883ea964.jpg,images/val/c019c1f1-883ea964.jpg,labels/val/c019c1f1-883ea964.txt,true,5
584,c19d7224-503472e5.jpg,images/val/c19d7224-503472e5.jpg,labels/val/c19d7224-503472e5.txt,true,9
585,c20e5778-cfbaabbf.jpg,images/val/c20e5778-cfbaabbf.jpg,labels/val/c20e5778-cfbaabbf.txt,true,11
586,c022e075-40907eff.jpg,images/val/c022e075-40907eff.jpg,labels/val/c022e075-40907eff.txt,true,6
587,c022e075-de13593a.jpg,images/val/c022e075-de13593a.jpg,labels/val/c022e075-de13593a.txt,true,5
588,c25a8eea-5c0d75f6.jpg,images/val/c25a8eea-5c0d75f6.jpg,labels/val/c25a8eea-5c0d75f6.txt,true,3
589,c28cecbb-11796cf6.jpg,images/val/c28cecbb-11796cf6.jpg,labels/val/c28cecbb-11796cf6.txt,true,39
590,c29d13ba-67447c50.jpg,images/val/c29d13ba-67447c50.jpg,labels/val/c29d13ba-67447c50.txt,true,9
591,c29d13ba-ad7aee3f.jpg,images/val/c29d13ba-ad7aee3f.jpg,labels/val/c29d13ba-ad7aee3f.txt,true,11
592,c30db884-c85d8fee.jpg,images/val/c30db884-c85d8fee.jpg,labels/val/c30db884-c85d8fee.txt,true,2
593,c31a04de-b269b568.jpg,images/val/c31a04de-b269b568.jpg,labels/val/c31a04de-b269b568.txt,true,17
594,c32ed490-87271dee.jpg,images/val/c32ed490-87271dee.jpg,labels/val/c32ed490-87271dee.txt,true,9
595,c0035eda-6e1b34d6.jpg,images/val/c0035eda-6e1b34d6.jpg,labels/val/c0035eda-6e1b34d6.txt,true,30
596,c37d47c0-c830ec1c.jpg,images/val/c37d47c0-c830ec1c.jpg,labels/val/c37d47c0-c830ec1c.txt,true,5
597,c38bdba6-cb18e83a.jpg,images/val/c38bdba6-cb18e83a.jpg,labels/val/c38bdba6-cb18e83a.txt,true,11
598,c44da9b8-ecd04bdd.jpg,images/val/c44da9b8-ecd04bdd.jpg,labels/val/c44da9b8-ecd04bdd.txt,true,8
599,c45fbe22-8bcb4ef4.jpg,images/val/c45fbe22-8bcb4ef4.jpg,labels/val/c45fbe22-8bcb4ef4.txt,true,5
600,c45fbe22-61885df3.jpg,images/val/c45fbe22-61885df3.jpg,labels/val/c45fbe22-61885df3.txt,true,16
601,c46c8375-44338121.jpg,images/val/c46c8375-44338121.jpg,labels/val/c46c8375-44338121.txt,true,24
602,c46c8375-e5fa2581.jpg,images/val/c46c8375-e5fa2581.jpg,labels/val/c46c8375-e5fa2581.txt,true,11
603,c48ba79f-d8e0bf32.jpg,images/val/c48ba79f-d8e0bf32.jpg,labels/val/c48ba79f-d8e0bf32.txt,true,3
604,c48cfadb-fcbdaa65.jpg,images/val/c48cfadb-fcbdaa65.jpg,labels/val/c48cfadb-fcbdaa65.txt,true,6
605,c050a325-3fbdf46f.jpg,images/val/c050a325-3fbdf46f.jpg,labels/val/c050a325-3fbdf46f.txt,true,9
606,c050a325-b9aa9e5f.jpg,images/val/c050a325-b9aa9e5f.jpg,labels/val/c050a325-b9aa9e5f.txt,true,10
607,c50b63be-01088e58.jpg,images/val/c50b63be-01088e58.jpg,labels/val/c50b63be-01088e58.txt,true,19
608,c52f53f8-70ad0125.jpg,images/val/c52f53f8-70ad0125.jpg,labels/val/c52f53f8-70ad0125.txt,true,14
609,c52f53f8-83f49a86.jpg,images/val/c52f53f8-83f49a86.jpg,labels/val/c52f53f8-83f49a86.txt,true,7
610,c55da7df-537c27fd.jpg,images/val/c55da7df-537c27fd.jpg,labels/val/c55da7df-537c27fd.txt,true,8
611,c56c951e-9eadf2b7.jpg,images/val/c56c951e-9eadf2b7.jpg,labels/val/c56c951e-9eadf2b7.txt,true,6
612,c57caddc-26ab6ed5.jpg,images/val/c57caddc-26ab6ed5.jpg,labels/val/c57caddc-26ab6ed5.txt,true,7
613,c57cda5b-7ca48687.jpg,images/val/c57cda5b-7ca48687.jpg,labels/val/c57cda5b-7ca48687.txt,true,9
614,c57cda5b-e43a49aa.jpg,images/val/c57cda5b-e43a49aa.jpg,labels/val/c57cda5b-e43a49aa.txt,true,7
615,c60d6c5c-11adb0a5.jpg,images/val/c60d6c5c-11adb0a5.jpg,labels/val/c60d6c5c-11adb0a5.txt,true,12
616,c60f0eb4-bb0d650b.jpg,images/val/c60f0eb4-bb0d650b.jpg,labels/val/c60f0eb4-bb0d650b.txt,true,20
617,c60ffc99-13f7f8e0.jpg,images/val/c60ffc99-13f7f8e0.jpg,labels/val/c60ffc99-13f7f8e0.txt,true,10
618,c61cc09d-7ba22a23.jpg,images/val/c61cc09d-7ba22a23.jpg,labels/val/c61cc09d-7ba22a23.txt,true,19
619,c61cc09d-620a73cb.jpg,images/val/c61cc09d-620a73cb.jpg,labels/val/c61cc09d-620a73cb.txt,true,4
620,c62ba5b8-0efc4385.jpg,images/val/c62ba5b8-0efc4385.jpg,labels/val/c62ba5b8-0efc4385.txt,true,10
621,c62efadc-d5d01fc2.jpg,images/val/c62efadc-d5d01fc2.jpg,labels/val/c62efadc-d5d01fc2.txt,true,12
622,c63f6bb5-e23a253e.jpg,images/val/c63f6bb5-e23a253e.jpg,labels/val/c63f6bb5-e23a253e.txt,true,9
623,c64dd3d9-3981f6e3.jpg,images/val/c64dd3d9-3981f6e3.jpg,labels/val/c64dd3d9-3981f6e3.txt,true,8
624,c65c2462-96e8ae92.jpg,images/val/c65c2462-96e8ae92.jpg,labels/val/c65c2462-96e8ae92.txt,true,6
625,c66a2cb5-7299f544.jpg,images/val/c66a2cb5-7299f544.jpg,labels/val/c66a2cb5-7299f544.txt,true,18
626,c68d9027-9707e4ed.jpg,images/val/c68d9027-9707e4ed.jpg,labels/val/c68d9027-9707e4ed.txt,true,16
627,c68f8fd2-61681484.jpg,images/val/c68f8fd2-61681484.jpg,labels/val/c68f8fd2-61681484.txt,true,20
628,c69d1519-dfb88cdf.jpg,images/val/c69d1519-dfb88cdf.jpg,labels/val/c69d1519-dfb88cdf.txt,true,11
629,c73abec5-609ede44.jpg,images/val/c73abec5-609ede44.jpg,labels/val/c73abec5-609ede44.txt,true,7
630,c75dff4f-c91e6880.jpg,images/val/c75dff4f-c91e6880.jpg,labels/val/c75dff4f-c91e6880.txt,true,3
631,c76fbaa1-990ee15a.jpg,images/val/c76fbaa1-990ee15a.jpg,labels/val/c76fbaa1-990ee15a.txt,true,11
632,c78f9fc6-024da644.jpg,images/val/c78f9fc6-024da644.jpg,labels/val/c78f9fc6-024da644.txt,true,12
633,c80bf9a4-757fadcb.jpg,images/val/c80bf9a4-757fadcb.jpg,labels/val/c80bf9a4-757fadcb.txt,true,11
634,c80cf60a-8bb33a63.jpg,images/val/c80cf60a-8bb33a63.jpg,labels/val/c80cf60a-8bb33a63.txt,true,18
635,c81afdad-8b689a37.jpg,images/val/c81afdad-8b689a37.jpg,labels/val/c81afdad-8b689a37.txt,true,14
636,c81afdad-8ceefe85.jpg,images/val/c81afdad-8ceefe85.jpg,labels/val/c81afdad-8ceefe85.txt,true,21
637,c81c9789-fdf7aae2.jpg,images/val/c81c9789-fdf7aae2.jpg,labels/val/c81c9789-fdf7aae2.txt,true,18
638,c82ab19a-024cc3bc.jpg,images/val/c82ab19a-024cc3bc.jpg,labels/val/c82ab19a-024cc3bc.txt,true,2
639,c83c10de-0d2047c8.jpg,images/val/c83c10de-0d2047c8.jpg,labels/val/c83c10de-0d2047c8.txt,true,4
640,c85ca3b9-72a968aa.jpg,images/val/c85ca3b9-72a968aa.jpg,labels/val/c85ca3b9-72a968aa.txt,true,3
641,c87d3555-5c159851.jpg,images/val/c87d3555-5c159851.jpg,labels/val/c87d3555-5c159851.txt,true,15
642,c87e0427-31e8946b.jpg,images/val/c87e0427-31e8946b.jpg,labels/val/c87e0427-31e8946b.txt,true,15
643,c89ee093-65ac0019.jpg,images/val/c89ee093-65ac0019.jpg,labels/val/c89ee093-65ac0019.txt,true,6
644,c89ee093-f527ef81.jpg,images/val/c89ee093-f527ef81.jpg,labels/val/c89ee093-f527ef81.txt,true,11
645,c89fc3e2-aaab0dfb.jpg,images/val/c89fc3e2-aaab0dfb.jpg,labels/val/c89fc3e2-aaab0dfb.txt,true,16
646,c90a2111-04776fd3.jpg,images/val/c90a2111-04776fd3.jpg,labels/val/c90a2111-04776fd3.txt,true,16
647,c90b5398-d042ec34.jpg,images/val/c90b5398-d042ec34.jpg,labels/val/c90b5398-d042ec34.txt,true,18
648,c91a84db-b08249fc.jpg,images/val/c91a84db-b08249fc.jpg,labels/val/c91a84db-b08249fc.txt,true,15
649,c91da210-34d6b472.jpg,images/val/c91da210-34d6b472.jpg,labels/val/c91da210-34d6b472.txt,true,9
650,c91da210-37d62a18.jpg,images/val/c91da210-37d62a18.jpg,labels/val/c91da210-37d62a18.txt,true,25
651,c95f8ca5-0cf1c43c.jpg,images/val/c95f8ca5-0cf1c43c.jpg,labels/val/c95f8ca5-0cf1c43c.txt,true,10
652,c95fecc3-4e289a4e.jpg,images/val/c95fecc3-4e289a4e.jpg,labels/val/c95fecc3-4e289a4e.txt,true,3
653,c95fecc3-41401a5f.jpg,images/val/c95fecc3-41401a5f.jpg,labels/val/c95fecc3-41401a5f.txt,true,22
654,c96a9fb4-cacac0fc.jpg,images/val/c96a9fb4-cacac0fc.jpg,labels/val/c96a9fb4-cacac0fc.txt,true,9
655,c96e0b6a-0acdb8b5.jpg,images/val/c96e0b6a-0acdb8b5.jpg,labels/val/c96e0b6a-0acdb8b5.txt,true,12
656,c96e0b6a-7d3c5b31.jpg,images/val/c96e0b6a-7d3c5b31.jpg,labels/val/c96e0b6a-7d3c5b31.txt,true,4
657,c96ffe59-429ca2a9.jpg,images/val/c96ffe59-429ca2a9.jpg,labels/val/c96ffe59-429ca2a9.txt,true,6
658,c96ffe59-25022c0b.jpg,images/val/c96ffe59-25022c0b.jpg,labels/val/c96ffe59-25022c0b.txt,true,15
659,c97abe9e-ccbca525.jpg,images/val/c97abe9e-ccbca525.jpg,labels/val/c97abe9e-ccbca525.txt,true,9
660,c99a4baf-9b8ca7d9.jpg,images/val/c99a4baf-9b8ca7d9.jpg,labels/val/c99a4baf-9b8ca7d9.txt,true,10
661,c100db13-71b423e5.jpg,images/val/c100db13-71b423e5.jpg,labels/val/c100db13-71b423e5.txt,true,14
662,c122a91d-7ac64c77.jpg,images/val/c122a91d-7ac64c77.jpg,labels/val/c122a91d-7ac64c77.txt,true,10
663,c132df41-509fc403.jpg,images/val/c132df41-509fc403.jpg,labels/val/c132df41-509fc403.txt,true,8
664,c146d100-4ee36f35.jpg,images/val/c146d100-4ee36f35.jpg,labels/val/c146d100-4ee36f35.txt,true,23
665,c146d100-c0e4da58.jpg,images/val/c146d100-c0e4da58.jpg,labels/val/c146d100-c0e4da58.txt,true,4
666,c146d100-cb76d05b.jpg,images/val/c146d100-cb76d05b.jpg,labels/val/c146d100-cb76d05b.txt,true,8
667,c155d65b-2d961d55.jpg,images/val/c155d65b-2d961d55.jpg,labels/val/c155d65b-2d961d55.txt,true,8
668,c155d65b-50f96017.jpg,images/val/c155d65b-50f96017.jpg,labels/val/c155d65b-50f96017.txt,true,7
669,c155d65b-ae8038a6.jpg,images/val/c155d65b-ae8038a6.jpg,labels/val/c155d65b-ae8038a6.txt,true,7
670,c155d65b-bf020dcb.jpg,images/val/c155d65b-bf020dcb.jpg,labels/val/c155d65b-bf020dcb.txt,true,8
671,c172eb28-fbd07793.jpg,images/val/c172eb28-fbd07793.jpg,labels/val/c172eb28-fbd07793.txt,true,3
672,c174a2be-b32a8285.jpg,images/val/c174a2be-b32a8285.jpg,labels/val/c174a2be-b32a8285.txt,true,13
673,c174b1bd-62c7b473.jpg,images/val/c174b1bd-62c7b473.jpg,labels/val/c174b1bd-62c7b473.txt,true,9
674,c239dcd2-bbd38c33.jpg,images/val/c239dcd2-bbd38c33.jpg,labels/val/c239dcd2-bbd38c33.txt,true,4
675,c242b4b8-0dab228f.jpg,images/val/c242b4b8-0dab228f.jpg,labels/val/c242b4b8-0dab228f.txt,true,14
676,c343e9dc-ce6e03ef.jpg,images/val/c343e9dc-ce6e03ef.jpg,labels/val/c343e9dc-ce6e03ef.txt,true,14
677,c343e9dc-f2dcbc21.jpg,images/val/c343e9dc-f2dcbc21.jpg,labels/val/c343e9dc-f2dcbc21.txt,true,4
678,c356bbec-10171932.jpg,images/val/c356bbec-10171932.jpg,labels/val/c356bbec-10171932.txt,true,4
679,c385a199-0bb19524.jpg,images/val/c385a199-0bb19524.jpg,labels/val/c385a199-0bb19524.txt,true,8
680,c396b7c0-cf46a981.jpg,images/val/c396b7c0-cf46a981.jpg,labels/val/c396b7c0-cf46a981.txt,true,15
681,c399b1cb-0b569b85.jpg,images/val/c399b1cb-0b569b85.jpg,labels/val/c399b1cb-0b569b85.txt,true,6
682,c425e76b-198b3cc5.jpg,images/val/c425e76b-198b3cc5.jpg,labels/val/c425e76b-198b3cc5.txt,true,7
683,c447f74e-f67bf173.jpg,images/val/c447f74e-f67bf173.jpg,labels/val/c447f74e-f67bf173.txt,true,29
684,c456e9c3-8a255f8c.jpg,images/val/c456e9c3-8a255f8c.jpg,labels/val/c456e9c3-8a255f8c.txt,true,12
685,c456e9c3-fa69d872.jpg,images/val/c456e9c3-fa69d872.jpg,labels/val/c456e9c3-fa69d872.txt,true,14
686,c503f2e8-1780553c.jpg,images/val/c503f2e8-1780553c.jpg,labels/val/c503f2e8-1780553c.txt,true,10
687,c553c602-a2d33a0c.jpg,images/val/c553c602-a2d33a0c.jpg,labels/val/c553c602-a2d33a0c.txt,true,8
688,c558f74c-8874b6c0.jpg,images/val/c558f74c-8874b6c0.jpg,labels/val/c558f74c-8874b6c0.txt,true,14
689,c573ac02-6c5f037e.jpg,images/val/c573ac02-6c5f037e.jpg,labels/val/c573ac02-6c5f037e.txt,true,20
690,c576ccff-0a51ae4b.jpg,images/val/c576ccff-0a51ae4b.jpg,labels/val/c576ccff-0a51ae4b.txt,true,8
691,c595cb01-89718083.jpg,images/val/c595cb01-89718083.jpg,labels/val/c595cb01-89718083.txt,true,7
692,c602b3c5-0bba271b.jpg,images/val/c602b3c5-0bba271b.jpg,labels/val/c602b3c5-0bba271b.txt,true,4
693,c633cafb-496ee40f.jpg,images/val/c633cafb-496ee40f.jpg,labels/val/c633cafb-496ee40f.txt,true,15
694,c644bce5-310a172f.jpg,images/val/c644bce5-310a172f.jpg,labels/val/c644bce5-310a172f.txt,true,13
695,c685aea9-1f0ae51d.jpg,images/val/c685aea9-1f0ae51d.jpg,labels/val/c685aea9-1f0ae51d.txt,true,14
696,c0697e71-ba9f6c4f.jpg,images/val/c0697e71-ba9f6c4f.jpg,labels/val/c0697e71-ba9f6c4f.txt,true,12
697,c709b82a-a5ff98a2.jpg,images/val/c709b82a-a5ff98a2.jpg,labels/val/c709b82a-a5ff98a2.txt,true,17
698,c723ad21-efed33e5.jpg,images/val/c723ad21-efed33e5.jpg,labels/val/c723ad21-efed33e5.txt,true,3
699,c734eb0a-9d6807cb.jpg,images/val/c734eb0a-9d6807cb.jpg,labels/val/c734eb0a-9d6807cb.txt,true,6
700,c734eb0a-125bba62.jpg,images/val/c734eb0a-125bba62.jpg,labels/val/c734eb0a-125bba62.txt,true,10
701,c767ad39-119bf6f3.jpg,images/val/c767ad39-119bf6f3.jpg,labels/val/c767ad39-119bf6f3.txt,true,23
702,c776d10b-25177c93.jpg,images/val/c776d10b-25177c93.jpg,labels/val/c776d10b-25177c93.txt,true,7
703,c776d10b-15486206.jpg,images/val/c776d10b-15486206.jpg,labels/val/c776d10b-15486206.txt,true,9
704,c776d10b-a1314ad4.jpg,images/val/c776d10b-a1314ad4.jpg,labels/val/c776d10b-a1314ad4.txt,true,11
705,c776d10b-ea20be3a.jpg,images/val/c776d10b-ea20be3a.jpg,labels/val/c776d10b-ea20be3a.txt,true,10
706,c872e1b7-d443b346.jpg,images/val/c872e1b7-d443b346.jpg,labels/val/c872e1b7-d443b346.txt,true,9
707,c876a58b-97c4d16e.jpg,images/val/c876a58b-97c4d16e.jpg,labels/val/c876a58b-97c4d16e.txt,true,8
708,c877c1e3-b9b26376.jpg,images/val/c877c1e3-b9b26376.jpg,labels/val/c877c1e3-b9b26376.txt,true,21
709,c897cc2b-01aaad95.jpg,images/val/c897cc2b-01aaad95.jpg,labels/val/c897cc2b-01aaad95.txt,true,5
710,c897cc2b-4104fbc7.jpg,images/val/c897cc2b-4104fbc7.jpg,labels/val/c897cc2b-4104fbc7.txt,true,8
711,c897cc2b-6612f914.jpg,images/val/c897cc2b-6612f914.jpg,labels/val/c897cc2b-6612f914.txt,true,8
712,c0945c0c-e16c694a.jpg,images/val/c0945c0c-e16c694a.jpg,labels/val/c0945c0c-e16c694a.txt,true,9
713,c992d89e-63020be4.jpg,images/val/c992d89e-63020be4.jpg,labels/val/c992d89e-63020be4.txt,true,9
714,c1428d85-1e1afff5.jpg,images/val/c1428d85-1e1afff5.jpg,labels/val/c1428d85-1e1afff5.txt,true,4
715,c1715aef-9c4e4c40.jpg,images/val/c1715aef-9c4e4c40.jpg,labels/val/c1715aef-9c4e4c40.txt,true,4
716,c2179f35-d4666c72.jpg,images/val/c2179f35-d4666c72.jpg,labels/val/c2179f35-d4666c72.txt,true,9
717,c2186a76-6757a4be.jpg,images/val/c2186a76-6757a4be.jpg,labels/val/c2186a76-6757a4be.txt,true,10
718,c2341eec-16d212b8.jpg,images/val/c2341eec-16d212b8.jpg,labels/val/c2341eec-16d212b8.txt,true,10
719,c03936ec-8a87395f.jpg,images/val/c03936ec-8a87395f.jpg,labels/val/c03936ec-8a87395f.txt,true,11
720,c5584f14-7fcc4797.jpg,images/val/c5584f14-7fcc4797.jpg,labels/val/c5584f14-7fcc4797.txt,true,4
721,c6013f78-376051fb.jpg,images/val/c6013f78-376051fb.jpg,labels/val/c6013f78-376051fb.txt,true,5
722,c6083af3-97345ce2.jpg,images/val/c6083af3-97345ce2.jpg,labels/val/c6083af3-97345ce2.txt,true,9
723,c6716c49-8a602ea6.jpg,images/val/c6716c49-8a602ea6.jpg,labels/val/c6716c49-8a602ea6.txt,true,11
724,c6864b90-498a3912.jpg,images/val/c6864b90-498a3912.jpg,labels/val/c6864b90-498a3912.txt,true,4
725,c6874e8e-439ea4de.jpg,images/val/c6874e8e-439ea4de.jpg,labels/val/c6874e8e-439ea4de.txt,true,20
726,c6959e96-6c064011.jpg,images/val/c6959e96-6c064011.jpg,labels/val/c6959e96-6c064011.txt,true,7
727,c7140eaa-eb9d0128.jpg,images/val/c7140eaa-eb9d0128.jpg,labels/val/c7140eaa-eb9d0128.txt,true,2
728,c07733d0-6b75a5ee.jpg,images/val/c07733d0-6b75a5ee.jpg,labels/val/c07733d0-6b75a5ee.txt,true,7
729,c07733d0-7525eae7.jpg,images/val/c07733d0-7525eae7.jpg,labels/val/c07733d0-7525eae7.txt,true,13
730,c07733d0-8445e6b8.jpg,images/val/c07733d0-8445e6b8.jpg,labels/val/c07733d0-8445e6b8.txt,true,8
731,c8638ebb-5dc7483b.jpg,images/val/c8638ebb-5dc7483b.jpg,labels/val/c8638ebb-5dc7483b.txt,true,15
732,c8650e15-38bef9dc.jpg,images/val/c8650e15-38bef9dc.jpg,labels/val/c8650e15-38bef9dc.txt,true,10
733,c9160b61-80e5089a.jpg,images/val/c9160b61-80e5089a.jpg,labels/val/c9160b61-80e5089a.txt,true,9
734,c9240f77-2c998430.jpg,images/val/c9240f77-2c998430.jpg,labels/val/c9240f77-2c998430.txt,true,10
735,c9240f77-08db8836.jpg,images/val/c9240f77-08db8836.jpg,labels/val/c9240f77-08db8836.txt,true,14
736,c9240f77-37f30fb5.jpg,images/val/c9240f77-37f30fb5.jpg,labels/val/c9240f77-37f30fb5.txt,true,27
737,c9240f77-988f083f.jpg,images/val/c9240f77-988f083f.jpg,labels/val/c9240f77-988f083f.txt,true,10
738,c9240f77-93292ea6.jpg,images/val/c9240f77-93292ea6.jpg,labels/val/c9240f77-93292ea6.txt,true,7
739,c9552b40-ae7bc148.jpg,images/val/c9552b40-ae7bc148.jpg,labels/val/c9552b40-ae7bc148.txt,true,26
740,c10163bb-7ad315ce.jpg,images/val/c10163bb-7ad315ce.jpg,labels/val/c10163bb-7ad315ce.txt,true,22
741,c23551ce-6007b75e.jpg,images/val/c23551ce-6007b75e.jpg,labels/val/c23551ce-6007b75e.txt,true,8
742,c23551ce-34508f75.jpg,images/val/c23551ce-34508f75.jpg,labels/val/c23551ce-34508f75.txt,true,5
743,c24838fd-064f7c3f.jpg,images/val/c24838fd-064f7c3f.jpg,labels/val/c24838fd-064f7c3f.txt,true,21
744,c28982c9-343d3ab5.jpg,images/val/c28982c9-343d3ab5.jpg,labels/val/c28982c9-343d3ab5.txt,true,14
745,c37382d8-010bbe82.jpg,images/val/c37382d8-010bbe82.jpg,labels/val/c37382d8-010bbe82.txt,true,9
746,c37884fa-ef0b1d8e.jpg,images/val/c37884fa-ef0b1d8e.jpg,labels/val/c37884fa-ef0b1d8e.txt,true,10
747,c41585dc-6fe06ca1.jpg,images/val/c41585dc-6fe06ca1.jpg,labels/val/c41585dc-6fe06ca1.txt,true,10
748,c43254a8-9aa667dc.jpg,images/val/c43254a8-9aa667dc.jpg,labels/val/c43254a8-9aa667dc.txt,true,32
749,c56915dc-1eb8abe1.jpg,images/val/c56915dc-1eb8abe1.jpg,labels/val/c56915dc-1eb8abe1.txt,true,6
750,c71936fa-e8370814.jpg,images/val/c71936fa-e8370814.jpg,labels/val/c71936fa-e8370814.txt,true,10
751,c72373c0-af574c12.jpg,images/val/c72373c0-af574c12.jpg,labels/val/c72373c0-af574c12.txt,true,10
752,c81079a0-e0ca6df6.jpg,images/val/c81079a0-e0ca6df6.jpg,labels/val/c81079a0-e0ca6df6.txt,true,3
753,c0082590-c1533b81.jpg,images/val/c0082590-c1533b81.jpg,labels/val/c0082590-c1533b81.txt,true,17
754,c85416bd-b4812a0c.jpg,images/val/c85416bd-b4812a0c.jpg,labels/val/c85416bd-b4812a0c.txt,true,26
755,c090895d-02949f2b.jpg,images/val/c090895d-02949f2b.jpg,labels/val/c090895d-02949f2b.txt,true,4
756,c92046a2-2f8e5345.jpg,images/val/c92046a2-2f8e5345.jpg,labels/val/c92046a2-2f8e5345.txt,true,16
757,c0350481-340b9ea4.jpg,images/val/c0350481-340b9ea4.jpg,labels/val/c0350481-340b9ea4.txt,true,16
758,c359556b-77ced0e9.jpg,images/val/c359556b-77ced0e9.jpg,labels/val/c359556b-77ced0e9.txt,true,8
759,c427410f-07d5dfe7.jpg,images/val/c427410f-07d5dfe7.jpg,labels/val/c427410f-07d5dfe7.txt,true,6
760,c427410f-aec7f6a9.jpg,images/val/c427410f-aec7f6a9.jpg,labels/val/c427410f-aec7f6a9.txt,true,16
761,c0677163-39c6f234.jpg,images/val/c0677163-39c6f234.jpg,labels/val/c0677163-39c6f234.txt,true,20
762,c0677163-55a2f724.jpg,images/val/c0677163-55a2f724.jpg,labels/val/c0677163-55a2f724.txt,true,17
763,c0677163-89d37846.jpg,images/val/c0677163-89d37846.jpg,labels/val/c0677163-89d37846.txt,true,13
764,c0677163-613b4f10.jpg,images/val/c0677163-613b4f10.jpg,labels/val/c0677163-613b4f10.txt,true,13
765,c0677163-69842abb.jpg,images/val/c0677163-69842abb.jpg,labels/val/c0677163-69842abb.txt,true,10
766,c0677163-8371743a.jpg,images/val/c0677163-8371743a.jpg,labels/val/c0677163-8371743a.txt,true,13
767,c0677163-b0154931.jpg,images/val/c0677163-b0154931.jpg,labels/val/c0677163-b0154931.txt,true,8
768,c0677163-c63c7c95.jpg,images/val/c0677163-c63c7c95.jpg,labels/val/c0677163-c63c7c95.txt,true,6
769,c0677163-c094cd72.jpg,images/val/c0677163-c094cd72.jpg,labels/val/c0677163-c094cd72.txt,true,19
770,c698371e-9c81ea92.jpg,images/val/c698371e-9c81ea92.jpg,labels/val/c698371e-9c81ea92.txt,true,8
771,c698371e-c1d58557.jpg,images/val/c698371e-c1d58557.jpg,labels/val/c698371e-c1d58557.txt,true,13
772,c700966a-608d05b4.jpg,images/val/c700966a-608d05b4.jpg,labels/val/c700966a-608d05b4.txt,true,2
773,c803615e-07407e4a.jpg,images/val/c803615e-07407e4a.jpg,labels/val/c803615e-07407e4a.txt,true,11
774,c895041f-b2d189ed.jpg,images/val/c895041f-b2d189ed.jpg,labels/val/c895041f-b2d189ed.txt,true,2
775,c917201f-5bbb8087.jpg,images/val/c917201f-5bbb8087.jpg,labels/val/c917201f-5bbb8087.txt,true,8
776,c928749e-62bc39dd.jpg,images/val/c928749e-62bc39dd.jpg,labels/val/c928749e-62bc39dd.txt,true,14
777,c962949b-dddd40b2.jpg,images/val/c962949b-dddd40b2.jpg,labels/val/c962949b-dddd40b2.txt,true,2
778,c993615f-20359e85.jpg,images/val/c993615f-20359e85.jpg,labels/val/c993615f-20359e85.txt,true,20
779,c1757757-8208000e.jpg,images/val/c1757757-8208000e.jpg,labels/val/c1757757-8208000e.txt,true,16
780,c3009124-6a11b9b0.jpg,images/val/c3009124-6a11b9b0.jpg,labels/val/c3009124-6a11b9b0.txt,true,6
781,c3130621-11b84f78.jpg,images/val/c3130621-11b84f78.jpg,labels/val/c3130621-11b84f78.txt,true,6
782,c4031040-73e296bc.jpg,images/val/c4031040-73e296bc.jpg,labels/val/c4031040-73e296bc.txt,true,5
783,c4130097-887da34f.jpg,images/val/c4130097-887da34f.jpg,labels/val/c4130097-887da34f.txt,true,5
784,c4436054-c0d83d61.jpg,images/val/c4436054-c0d83d61.jpg,labels/val/c4436054-c0d83d61.txt,true,31
785,c4742900-8900110c.jpg,images/val/c4742900-8900110c.jpg,labels/val/c4742900-8900110c.txt,true,18
786,c5434464-5dcb3bd7.jpg,images/val/c5434464-5dcb3bd7.jpg,labels/val/c5434464-5dcb3bd7.txt,true,8
787,c5530340-6ca6f8bc.jpg,images/val/c5530340-6ca6f8bc.jpg,labels/val/c5530340-6ca6f8bc.txt,true,18
788,c5617574-cca98859.jpg,images/val/c5617574-cca98859.jpg,labels/val/c5617574-cca98859.txt,true,4
789,c7513860-d293b768.jpg,images/val/c7513860-d293b768.jpg,labels/val/c7513860-d293b768.txt,true,14
790,c9403737-33cab241.jpg,images/val/c9403737-33cab241.jpg,labels/val/c9403737-33cab241.txt,true,8
791,c9815999-f1a3d95a.jpg,images/val/c9815999-f1a3d95a.jpg,labels/val/c9815999-f1a3d95a.txt,true,13
792,ca0b4ef4-effd52f4.jpg,images/val/ca0b4ef4-effd52f4.jpg,labels/val/ca0b4ef4-effd52f4.txt,true,17
793,ca1c6003-aad4464c.jpg,images/val/ca1c6003-aad4464c.jpg,labels/val/ca1c6003-aad4464c.txt,true,9
794,ca3bbb0a-cd13da9e.jpg,images/val/ca3bbb0a-cd13da9e.jpg,labels/val/ca3bbb0a-cd13da9e.txt,true,14
795,ca009e13-883fafc6.jpg,images/val/ca009e13-883fafc6.jpg,labels/val/ca009e13-883fafc6.txt,true,13
796,ca077fe9-b7f766fd.jpg,images/val/ca077fe9-b7f766fd.jpg,labels/val/ca077fe9-b7f766fd.txt,true,14
797,ca656c47-876ad414.jpg,images/val/ca656c47-876ad414.jpg,labels/val/ca656c47-876ad414.txt,true,21
798,ca656c47-e483f464.jpg,images/val/ca656c47-e483f464.jpg,labels/val/ca656c47-e483f464.txt,true,17
799,ca146661-7f70d0c4.jpg,images/val/ca146661-7f70d0c4.jpg,labels/val/ca146661-7f70d0c4.txt,true,18
800,fe1d9184-dec09b65.jpg,images/val/fe1d9184-dec09b65.jpg,labels/val/fe1d9184-dec09b65.txt,true,10
